-- MySQL dump 10.13  Distrib 8.0.13, for macos10.14 (x86_64)
--
-- Host: ugmarket.ugent.be    Database: marketplace
-- ------------------------------------------------------
-- Server version	8.0.25

/*!40101 SET @OLD_CHARACTER_SET_CLIENT=@@CHARACTER_SET_CLIENT */;
/*!40101 SET @OLD_CHARACTER_SET_RESULTS=@@CHARACTER_SET_RESULTS */;
/*!40101 SET @OLD_COLLATION_CONNECTION=@@COLLATION_CONNECTION */;
 SET NAMES utf8 ;
/*!40103 SET @OLD_TIME_ZONE=@@TIME_ZONE */;
/*!40103 SET TIME_ZONE='+00:00' */;
/*!40014 SET @OLD_UNIQUE_CHECKS=@@UNIQUE_CHECKS, UNIQUE_CHECKS=0 */;
/*!40014 SET @OLD_FOREIGN_KEY_CHECKS=@@FOREIGN_KEY_CHECKS, FOREIGN_KEY_CHECKS=0 */;
/*!40101 SET @OLD_SQL_MODE=@@SQL_MODE, SQL_MODE='NO_AUTO_VALUE_ON_ZERO' */;
/*!40111 SET @OLD_SQL_NOTES=@@SQL_NOTES, SQL_NOTES=0 */;

--
-- Table structure for table `booking`
--

DROP TABLE IF EXISTS `booking`;
/*!40101 SET @saved_cs_client     = @@character_set_client */;
 SET character_set_client = utf8mb4 ;

--
-- Table structure for table `category`
--

DROP TABLE IF EXISTS `category`;
/*!40101 SET @saved_cs_client     = @@character_set_client */;
 SET character_set_client = utf8mb4 ;
CREATE TABLE `category` (
  `name` varchar(255) NOT NULL,
  `type` varchar(255) DEFAULT NULL,
  PRIMARY KEY (`name`),
  UNIQUE KEY `name` (`name`)
) ENGINE=InnoDB DEFAULT CHARSET=utf8mb4 COLLATE=utf8mb4_0900_ai_ci;
/*!40101 SET character_set_client = @saved_cs_client */;

--
-- Dumping data for table `category`
--

LOCK TABLES `category` WRITE;
/*!40000 ALTER TABLE `category` DISABLE KEYS */;
INSERT INTO `category` VALUES ('field11','Category1'),('field12','Category1'),('field13','Category1'),('field14','Category1'),('field21','Category2'),('field22','Category2'),('field23','Category2'),('field31','Category3'),('field32','Category3'),('field33','Category3'),('option',NULL);
/*!40000 ALTER TABLE `category` ENABLE KEYS */;
UNLOCK TABLES;

--
-- Table structure for table `listing`
--

DROP TABLE IF EXISTS `listing`;
/*!40101 SET @saved_cs_client     = @@character_set_client */;
 SET character_set_client = utf8mb4 ;
CREATE TABLE `listing` (
  `listingID` int NOT NULL AUTO_INCREMENT,
  `name` varchar(255) DEFAULT NULL,
  `description` text,
  `availableAssets` int DEFAULT NULL,
  `date` date DEFAULT NULL,
  `price` double DEFAULT NULL,
  `picture` longtext,
  `userID` int DEFAULT NULL,
  `categories` varchar(255) DEFAULT NULL,
  `status` enum('active','cancelled') NOT NULL,
  `location` varchar(255) DEFAULT NULL,
  PRIMARY KEY (`listingID`),
  KEY `userID` (`userID`),
  CONSTRAINT `listing_ibfk_1` FOREIGN KEY (`userID`) REFERENCES `user` (`userID`)
) ENGINE=InnoDB AUTO_INCREMENT=21 DEFAULT CHARSET=utf8mb4 COLLATE=utf8mb4_0900_ai_ci;
/*!40101 SET character_set_client = @saved_cs_client */;

--
-- Dumping data for table `listing`
--

LOCK TABLES `listing` WRITE;
/*!40000 ALTER TABLE `listing` DISABLE KEYS */;
INSERT INTO `listing` VALUES (1,'listing1','lksqjdfl',4,'2018-05-20',20.5,NULL,1,'Category1;Category5','active',NULL),(2,'listing2','qslmdfjpioqnerpnqp oifdp nqe qsfpi ',82,'2021-10-25',50,NULL,1,'','active',NULL),(3,'listing3','lkqsdjfopvn',0,'2022-12-10',30,NULL,1,'Category3;Category5','active',NULL),(4,'test','Lorem ipsum dolor sit amet, consectetur adipiscing elit, sed do eiusmod tempor incididunt ut labore et dolore magna aliqua. Vitae aliquet nec ullamcorper sit amet risus nullam eget. Orci dapibus ultrices in iaculis nunc. Orci phasellus egestas tellus rutrum tellus pellentesque. Eu volutpat odio facilisis mauris sit amet massa vitae tortor. Amet luctus venenatis lectus magna. Facilisis volutpat est velit egestas dui. In aliquam sem fringilla ut morbi tincidunt augue interdum velit. Cras ornare arcu dui vivamus arcu felis bibendum ut tristique. Dolor sit amet consectetur adipiscing elit ut.',80,'2021-09-15',12.99,'data:image/jpeg;base64,/9j/4AAQSkZJRgABAQAAAQABAAD/4gIoSUNDX1BST0ZJTEUAAQEAAAIYAAAAAAIQAABtbnRyUkdCIFhZWiAAAAAAAAAAAAAAAABhY3NwAAAAAAAAAAAAAAAAAAAAAAAAAAAAAAAAAAAAAQAA9tYAAQAAAADTLQAAAAAAAAAAAAAAAAAAAAAAAAAAAAAAAAAAAAAAAAAAAAAAAAAAAAAAAAAAAAAAAAAAAAlkZXNjAAAA8AAAAHRyWFlaAAABZAAAABRnWFlaAAABeAAAABRiWFlaAAABjAAAABRyVFJDAAABoAAAAChnVFJDAAABoAAAAChiVFJDAAABoAAAACh3dHB0AAAByAAAABRjcHJ0AAAB3AAAADxtbHVjAAAAAAAAAAEAAAAMZW5VUwAAAFgAAAAcAHMAUgBHAEIAAAAAAAAAAAAAAAAAAAAAAAAAAAAAAAAAAAAAAAAAAAAAAAAAAAAAAAAAAAAAAAAAAAAAAAAAAAAAAAAAAAAAAAAAAAAAAAAAAAAAAAAAAFhZWiAAAAAAAABvogAAOPUAAAOQWFlaIAAAAAAAAGKZAAC3hQAAGNpYWVogAAAAAAAAJKAAAA+EAAC2z3BhcmEAAAAAAAQAAAACZmYAAPKnAAANWQAAE9AAAApbAAAAAAAAAABYWVogAAAAAAAA9tYAAQAAAADTLW1sdWMAAAAAAAAAAQAAAAxlblVTAAAAIAAAABwARwBvAG8AZwBsAGUAIABJAG4AYwAuACAAMgAwADEANv/bAEMAAQEBAQEBAQEBAQEBAQEBAQEBAQEBAQEBAQEBAQEBAQEBAQEBAQEBAQEBAQEBAQEBAQEBAQEBAQEBAQEBAQEBAf/bAEMBAQEBAQEBAQEBAQEBAQEBAQEBAQEBAQEBAQEBAQEBAQEBAQEBAQEBAQEBAQEBAQEBAQEBAQEBAQEBAQEBAQEBAf/AABEIAWgCPAMBEQACEQEDEQH/xAAfAAEAAgIDAQEBAQAAAAAAAAAABggFBwQJCgsDAgH/xABgEAEAAAIFAwoLDxIGAgMBAAAAAQQCAwUGBwh1tAkREjE1NnSxs7UYMjRBVnFydoGm1goUFxkhMzlRV1instXX8BMWIic3QlVhc3d4iJGltrjB0RUaR6So1CWCI1JU4f/EAB4BAQADAQEBAQEBAQAAAAAAAAAHCQoGCAQDBQIL/8QARxEBAAABBQgMDgIBBQEBAQAAAAYCAwQFBwEICTc4d7W2Exg0NTZXc3R2prPWERIUFhcZVVakpaey1NVU0xUhIjF1tDJBUf/aAAwDAQACEQMRAD8Ap+AAAAAAACTXK35XS75rB51lAejoAAAAAAEJv7uJVZwqORmXhPCF4jqlzkVDoCK3TQpvlO8zne2o7TqltIQAAAAACs2MW+mUzJKaZaLRngmcmiJM8MT6qQKoZwm2UFUGauHdZYyaoWeq7QAAAAAFcZ7q2c4VMctTZmI54bRh0piDS1LTFR9zzHIzX2SXFcs/YAAAABoHGLdKxuA1+kQXz4IfFva903qTQMppuwD2KO3nONDmrMtp1byviAAAAAAV8t3dq1s4zmkVjOXb9jxtezkRnp+npZqre2gc0o/ZSWKRG+8AAAABHb3b1rxZltLRK1Pl6tlL2A54LPNaasQpfJZPltuayOtW6xUxa9GXIAAAAABfHIO33X873LN5zirgwj3AmzfpTW2iZLrYS3TS+Qkdo7N1RzuwAAAAAAAAAAAAAAAEmuVvyul3zWDzrKA9HQAAAAAAITf3cSqzhUcjMvCeELxHVLnIqHQEVumhTfKd5nO9tR2nVLaQgAAAAAFZsYt9MpmSU0y0WjPBM5NESZ4Yn1UgVQzhNsoKoM1cO6yxk1Qs9V2gAAAAAK4z3Vs5wqY5amzMRzw2jDpTEGlqWmKj7nmORmvskuK5Z+wAAAADQOMW6VjcBr9IgvnwQ+Le17pvUmgZTTdgHsUdvOcaHNWZbTq3lfEAAAAAAr5bu7VrZxnNIrGcu37Hja9nIjPT9PSzVW9tA5pR+yksUiN94AAAACO3u3rXizLaWiVqfL1bKXsBzwWea01YhS+SyfLbc1kdat1ipi16MuQAAAAAC+OQdvuv53uWbznFXBhHuBNm/SmttEyXWwluml8hI7R2bqjndgAAAAAAAAAAAAAAAJNcrfldLvmsHnWUB6OgAAAAAAQm/u4lVnCo5GZeE8IXiOqXORUOgIrdNCm+U7zOd7ajtOqW0hAAAAAAKzYxb6ZTMkpplotGeCZyaIkzwxPqpAqhnCbZQVQZq4d1ljJqhZ6rtAAAAAAVxnurZzhUxy1NmYjnhtGHSmINLUtMVH3PMcjNfZJcVyz9gAAAAGgcYt0rG4DX6RBfPgh8W9r3TepNAymm7APYo7ec40Oasy2nVvK+IAAAAABXy3d2rWzjOaRWM5dv2PG17ORGen6elmqt7aBzSj9lJYpEb7wAAAAEdvdvWvFmW0tErU+Xq2UvYDngs81pqxCl8lk+W25rI61brFTFr0ZcgAAAAAF8cg7fdfzvcs3nOKuDCPcCbN+lNbaJkuthLdNL5CR2js3VHO7AAAAAAAAAAAAAAAASa5W/K6XfNYPOsoD0dAAAAAAAhN/dxKrOFRyMy8J4QvEdUuciodARW6aFN8p3mc721HadUtpCAAAAAAVmxi30ymZJTTLRaM8Ezk0RJnhifVSBVDOE2ygqgzVw7rLGTVCz1XaAAAAAArjPdWznCpjlqbMxHPDaMOlMQaWpaYqPueY5Ga+yS4rln7AAAAANA4xbpWNwGv0iC+fBD4t7Xum9SaBlNN2AexR285xoc1ZltOreV8QAAAAACvlu7tWtnGc0isZy7fseNr2ciM9P09LNVb20DmlH7KSxSI33gAAAAI7e7eteLMtpaJWp8vVspewHPBZ5rTViFL5LJ8ttzWR1q3WKmLXoy5AAAAAAL45B2+6/ne5ZvOcVcGEe4E2b9Ka20TJdbCW6aXyEjtHZuqOd2AAAAAAAAAAAAAAAAk1yt+V0u+awedZQHo6AAAAAABCb+7iVWcKjkZl4TwheI6pc5FQ6Ait00Kb5TvM53tqO06pbSEAAAAAArNjFvplMySmmWi0Z4JnJoiTPDE+qkCqGcJtlBVBmrh3WWMmqFnqu0AAAAABXGe6tnOFTHLU2ZiOeG0YdKYg0tS0xUfc8xyM19klxXLP2AAAAAaBxi3SsbgNfpEF8+CHxb2vdN6k0DKabsA9ijt5zjQ5qzLadW8r4gAAAAAFfLd3atbOM5pFYzl2/Y8bXs5EZ6fp6Waq3toHNKP2UlikRvvAAAAAR2929a8WZbS0StT5erZS9gOeCzzWmrEKXyWT5bbmsjrVusVMWvRlyAAAAAAXxyDt91/O9yzec4q4MI9wJs36U1tomS62Et00vkJHaOzdUc7sAAAAAAAAAAAAAAABJrlb8rpd81g86ygPR0AAAAAACE393Eqs4VHIzLwnhC8R1S5yKh0BFbpoU3yneZzvbUdp1S2kIAAAAABWbGLfTKZklNMtFozwTOTREmeGJ9VIFUM4TbKCqDNXDussZNULPVdoAAAAACuM91bOcKmOWpszEc8Now6UxBpalpio+55jkZr7JLiuWfsAAAAA0DjFulY3Aa/SIL58EPi3te6b1JoGU03YB7FHbznGhzVmW06t5XxAAAAAAK+W7u1a2cZzSKxnLt+x42vZyIz0/T0s1VvbQOaUfspLFIjfeAAAAAjt7t614sy2lolany9Wyl7Ac8FnmtNWIUvksny23NZHWrdYqYtejLkAAAAAAvjkHb7r+d7lm85xVwYR7gTZv0prbRMl1sJbppfISO0dm6o53YAAAAAAAAAAAAAAACTXK35XS75rB51lAejoAAAAAAEJv7uJVZwqORmXhPCF4jqlzkVDoCK3TQpvlO8zne2o7TqltIQAAAAACs2MW+mUzJKaZaLRngmcmiJM8MT6qQKoZwm2UFUGauHdZYyaoWeq7QAAAAAFcZ7q2c4VMctTZmI54bRh0piDS1LTFR9zzHIzX2SXFcs/YAAAABoHGLdKxuA1+kQXz4IfFva903qTQMppuwD2KO3nONDmrMtp1byviAAAAAAV8t3dq1s4zmkVjOXb9jxtezkRnp+npZqre2gc0o/ZSWKRG+8AAAABHb3b1rxZltLRK1Pl6tlL2A54LPNaasQpfJZPltuayOtW6xUxa9GXIAAAAABfHIO33X873LN5zirgwj3AmzfpTW2iZLrYS3TS+Qkdo7N1RzuwAAAAAAAAAAAAAAAEmuVvyul3zWDzrKA9HQAAAAAAITf3cSqzhUcjMvCeELxHVLnIqHQEVumhTfKd5nO9tR2nVLaQgAAAAAFZsYt9MpmSU0y0WjPBM5NESZ4Yn1UgVQzhNsoKoM1cO6yxk1Qs9V2gAAAAAK4z3Vs5wqY5amzMRzw2jDpTEGlqWmKj7nmORmvskuK5Z+wAAAADQOMW6VjcBr9IgvnwQ+Le17pvUmgZTTdgHsUdvOcaHNWZbTq3lfEAAAAAAr5bu7VrZxnNIrGcu37Hja9nIjPT9PSzVW9tA5pR+yksUiN94AAAACO3u3rXizLaWiVqfL1bKXsBzwWea01YhS+SyfLbc1kdat1ipi16MuQAAAAAC+OQdvuv53uWbznFXBhHuBNm/SmttEyXWwluml8hI7R2bqjndgAAAAAAAAAAAAAAAJNcrfldLvmsHnWUB6OgAAAAAAQm/u4lVnCo5GZeE8IXiOqXORUOgIrdNCm+U7zOd7ajtOqW0hAAAAAAKzYxb6ZTMkpplotGeCZyaIkzwxPqpAqhnCbZQVQZq4d1ljJqhZ6rtAAAAAAVxnurZzhUxy1NmYjnhtGHSmINLUtMVH3PMcjNfZJcVyz9gAAAAGgcYt0rG4DX6RBfPgh8W9r3TepNAymm7APYo7ec40Oasy2nVvK+IAAAAABXy3d2rWzjOaRWM5dv2PG17ORGen6elmqt7aBzSj9lJYpEb7wAAAAEdvdvWvFmW0tErU+Xq2UvYDngs81pqxCl8lk+W25rI61brFTFr0ZcgAAAAAF8cg7fdfzvcs3nOKuDCPcCbN+lNbaJkuthLdNL5CR2js3VHO7AAAAAAAAAAAAAAAASa5W/K6XfNYPOsoD0dAAAAAAAhN/dxKrOFRyMy8J4QvEdUuciodARW6aFN8p3mc721HadUtpCAAAAAAVmxi30ymZJTTLRaM8Ezk0RJnhifVSBVDOE2ygqgzVw7rLGTVCz1XaAAAAAArjPdWznCpjlqbMxHPDaMOlMQaWpaYqPueY5Ga+yS4rln7AAAAANA4xbpWNwGv0iC+fBD4t7Xum9SaBlNN2AexR285xoc1ZltOreV8QAAAAACvlu7tWtnGc0isZy7fseNr2ciM9P09LNVb20DmlH7KSxSI33gAAAAI7e7eteLMtpaJWp8vVspewHPBZ5rTViFL5LJ8ttzWR1q3WKmLXoy5AAAAAAL45B2+6/ne5ZvOcVcGEe4E2b9Ka20TJdbCW6aXyEjtHZuqOd2AAAAAAAAAAAAAAAAk1yt+V0u+awedZQHo6AAAAAABCb+7iVWcKjkZl4TwheI6pc5FQ6Ait00Kb5TvM53tqO06pbSEAAAAAArNjFvplMySmmWi0Z4JnJoiTPDE+qkCqGcJtlBVBmrh3WWMmqFnqu0AAAAABXGe6tnOFTHLU2ZiOeG0YdKYg0tS0xUfc8xyM19klxXLP2AAAAAaBxi3SsbgNfpEF8+CHxb2vdN6k0DKabsA9ijt5zjQ5qzLadW8r4gAAAAAFfLd3atbOM5pFYzl2/Y8bXs5EZ6fp6Waq3toHNKP2UlikRvvAAAAAR2929a8WZbS0StT5erZS9gOeCzzWmrEKXyWT5bbmsjrVusVMWvRlyAAAAAAXxyDt91/O9yzec4q4MI9wJs36U1tomS62Et00vkJHaOzdUc7sAAAAAAAAAAAAAAABJrlb8rpd81g86ygPR0AAAAAACE393Eqs4VHIzLwnhC8R1S5yKh0BFbpoU3yneZzvbUdp1S2kIAAAAABWbGLfTKZklNMtFozwTOTREmeGJ9VIFUM4TbKCqDNXDussZNULPVdoAAAAACuM91bOcKmOWpszEc8Now6UxBpalpio+55jkZr7JLiuWfsAAAAA0DjFulY3Aa/SIL58EPi3te6b1JoGU03YB7FHbznGhzVmW06t5XxAAAAAAK+W7u1a2cZzSKxnLt+x42vZyIz0/T0s1VvbQOaUfspLFIjfeAAAAAjt7t614sy2lolany9Wyl7Ac8FnmtNWIUvksny23NZHWrdYqYtejLkAAAAAAvjkHb7r+d7lm85xVwYR7gTZv0prbRMl1sJbppfISO0dm6o53YAAAAAAAAAAAAAAACTXK35XS75rB51lAejoAAAAAAEJv7uJVZwqORmXhPCF4jqlzkVDoCK3TQpvlO8zne2o7TqltIQAAAAACs2MW+mUzJKaZaLRngmcmiJM8MT6qQKoZwm2UFUGauHdZYyaoWeq7QAAAAAFcZ7q2c4VMctTZmI54bRh0piDS1LTFR9zzHIzX2SXFcs/YAAAABoHGLdKxuA1+kQXz4IfFva903qTQMppuwD2KO3nONDmrMtp1byviAAAAAAV8t3dq1s4zmkVjOXb9jxtezkRnp+npZqre2gc0o/ZSWKRG+8AAAABHb3b1rxZltLRK1Pl6tlL2A54LPNaasQpfJZPltuayOtW6xUxa9GXIAAAAABfHIO33X873LN5zirgwj3AmzfpTW2iZLrYS3TS+Qkdo7N1RzuwAAAAAAAAAAAAAAAEmuVvyul3zWDzrKA9HQAAAAAAITf3cSqzhUcjMvCeELxHVLnIqHQEVumhTfKd5nO9tR2nVLaQgAAAAAFZsYt9MpmSU0y0WjPBM5NESZ4Yn1UgVQzhNsoKoM1cO6yxk1Qs9V2gAAAAAK4z3Vs5wqY5amzMRzw2jDpTEGlqWmKj7nmORmvskuK5Z+wAAAADQOMW6VjcBr9IgvnwQ+Le17pvUmgZTTdgHsUdvOcaHNWZbTq3lfEAAAAAAr5bu7VrZxnNIrGcu37Hja9nIjPT9PSzVW9tA5pR+yksUiN94AAAACO3u3rXizLaWiVqfL1bKXsBzwWea01YhS+SyfLbc1kdat1ipi16MuQAAAAAC+OQdvuv53uWbznFXBhHuBNm/SmttEyXWwluml8hI7R2bqjndgAAAAAAAAAAAAAAAJNcrfldLvmsHnWUB6OgAAAAAAQm/u4lVnCo5GZeE8IXiOqXORUOgIrdNCm+U7zOd7ajtOqW0hAAAAAAKzYxb6ZTMkpplotGeCZyaIkzwxPqpAqhnCbZQVQZq4d1ljJqhZ6rtAAAAAAVxnurZzhUxy1NmYjnhtGHSmINLUtMVH3PMcjNfZJcVyz9gAAAAGgcYt0rG4DX6RBfPgh8W9r3TepNAymm7APYo7ec40Oasy2nVvK+IAAAAABXy3d2rWzjOaRWM5dv2PG17ORGen6elmqt7aBzSj9lJYpEb7wAAAAEdvdvWvFmW0tErU+Xq2UvYDngs81pqxCl8lk+W25rI61brFTFr0ZcgAAAAAF8cg7fdfzvcs3nOKuDCPcCbN+lNbaJkuthLdNL5CR2js3VHO7AAAAAAAAAAAAAAAASa5W/K6XfNYPOsoD0dAAAAAAAhN/dxKrOFRyMy8J4QvEdUuciodARW6aFN8p3mc721HadUtpCAAAAAAVmxi30ymZJTTLRaM8Ezk0RJnhifVSBVDOE2ygqgzVw7rLGTVCz1XaAAAAAArjPdWznCpjlqbMxHPDaMOlMQaWpaYqPueY5Ga+yS4rln7AAAAANA4xbpWNwGv0iC+fBD4t7Xum9SaBlNN2AexR285xoc1ZltOreV8QAAAAACvlu7tWtnGc0isZy7fseNr2ciM9P09LNVb20DmlH7KSxSI33gAAAAI7e7eteLMtpaJWp8vVspewHPBZ5rTViFL5LJ8ttzWR1q3WKmLXoy5AAAAAAL45B2+6/ne5ZvOcVcGEe4E2b9Ka20TJdbCW6aXyEjtHZuqOd2AAAAAAAAAAAAAAAAk1yt+V0u+awedZQHo6AAAAAABCb+7iVWcKjkZl4TwheI6pc5FQ6Ait00Kb5TvM53tqO06pbSEAAAAAArNjFvplMySmmWi0Z4JnJoiTPDE+qkCqGcJtlBVBmrh3WWMmqFnqu0AAAAABXGe6tnOFTHLU2ZiOeG0YdKYg0tS0xUfc8xyM19klxXLP2AAAAAaBxi3SsbgNfpEF8+CHxb2vdN6k0DKabsA9ijt5zjQ5qzLadW8r4gAAAAAFfLd3atbOM5pFYzl2/Y8bXs5EZ6fp6Waq3toHNKP2UlikRvvAAAAAR2929a8WZbS0StT5erZS9gOeCzzWmrEKXyWT5bbmsjrVusVMWvRlyAAAAAAXxyDt91/O9yzec4q4MI9wJs36U1tomS62Et00vkJHaOzdUc7sAAAAAAAAAAAAAAABJrlb8rpd81g86ygPR0AAAAAACE393Eqs4VHIzLwnhC8R1S5yKh0BFbpoU3yneZzvbUdp1S2kIAAAAABWbGLfTKZklNMtFozwTOTREmeGJ9VIFUM4TbKCqDNXDussZNULPVdoAAAAACuM91bOcKmOWpszEc8Now6UxBpalpio+55jkZr7JLiuWfsAAAAA0DjFulY3Aa/SIL58EPi3te6b1JoGU03YB7FHbznGhzVmW06t5XxAAAAAAK+W7u1a2cZzSKxnLt+x42vZyIz0/T0s1VvbQOaUfspLFIjfeAAAAAjt7t614sy2lolany9Wyl7Ac8FnmtNWIUvksny23NZHWrdYqYtejLkAAAAAAvjkHb7r+d7lm85xVwYR7gTZv0prbRMl1sJbppfISO0dm6o53YAAAAAAAAAAAAAAACTXK35XS75rB51lAejoAAAAAAEJv7uJVZwqORmXhPCF4jqlzkVDoCK3TQpvlO8zne2o7TqltIQAAAAACs2MW+mUzJKaZaLRngmcmiJM8MT6qQKoZwm2UFUGauHdZYyaoWeq7QAAAAAFcZ7q2c4VMctTZmI54bRh0piDS1LTFR9zzHIzX2SXFcs/YAAAABoHGLdKxuA1+kQXz4IfFva903qTQMppuwD2KO3nONDmrMtp1byviAAAAAAV8t3dq1s4zmkVjOXb9jxtezkRnp+npZqre2gc0o/ZSWKRG+8AAAABHb3b1rxZltLRK1Pl6tlL2A54LPNaasQpfJZPltuayOtW6xUxa9GXIAAAAABfHIO33X873LN5zirgwj3AmzfpTW2iZLrYS3TS+Qkdo7N1RzuwAAAAAAAAAAAAAAAEmuVvyul3zWDzrKA9HQAAAAAAITf3cSqzhUcjMvCeELxHVLnIqHQEVumhTfKd5nO9tR2nVLaQgAAAAAFZsYt9MpmSU0y0WjPBM5NESZ4Yn1UgVQzhNsoKoM1cO6yxk1Qs9V2gAAAAAK4z3Vs5wqY5amzMRzw2jDpTEGlqWmKj7nmORmvskuK5Z+wAAAADQOMW6VjcBr9IgvnwQ+Le17pvUmgZTTdgHsUdvOcaHNWZbTq3lfEAAAAAAr5bu7VrZxnNIrGcu37Hja9nIjPT9PSzVW9tA5pR+yksUiN94AAAACO3u3rXizLaWiVqfL1bKXsBzwWea01YhS+SyfLbc1kdat1ipi16MuQAAAAAC+OQdvuv53uWbznFXBhHuBNm/SmttEyXWwluml8hI7R2bqjndgAAAAAAAAAAAAAAAJNcrfldLvmsHnWUB6OgAAAAAAQm/u4lVnCo5GZeE8IXiOqXORUOgIrdNCm+U7zOd7ajtOqW0hAAAAAAKzYxb6ZTMkpplotGeCZyaIkzwxPqpAqhnCbZQVQZq4d1ljJqhZ6rtAAAAAAVxnurZzhUxy1NmYjnhtGHSmINLUtMVH3PMcjNfZJcVyz9gAAAAGgcYt0rG4DX6RBfPgh8W9r3TepNAymm7APYo7ec40Oasy2nVvK+IAAAAABXy3d2rWzjOaRWM5dv2PG17ORGen6elmqt7aBzSj9lJYpEb7wAAAAEdvdvWvFmW0tErU+Xq2UvYDngs81pqxCl8lk+W25rI61brFTFr0ZcgAAAAAF8cg7fdfzvcs3nOKuDCPcCbN+lNbaJkuthLdNL5CR2js3VHO7AAAAAAAAAAAAAAAASa5W/K6XfNYPOsoD0dAAAAAAAhN/dxKrOFRyMy8J4QvEdUuciodARW6aFN8p3mc721HadUtpCAAAAAAVmxi30ymZJTTLRaM8Ezk0RJnhifVSBVDOE2ygqgzVw7rLGTVCz1XaAAAAAArjPdWznCpjlqbMxHPDaMOlMQaWpaYqPueY5Ga+yS4rln7AAAAANA4xbpWNwGv0iC+fBD4t7Xum9SaBlNN2AexR285xoc1ZltOreV8QAAAAACvlu7tWtnGc0isZy7fseNr2ciM9P09LNVb20DmlH7KSxSI33gAAAAI7e7eteLMtpaJWp8vVspewHPBZ5rTViFL5LJ8ttzWR1q3WKmLXoy5AAAAAAL45B2+6/ne5ZvOcVcGEe4E2b9Ka20TJdbCW6aXyEjtHZuqOd2AAAAAAAAAAAAAAAAk1yt+V0u+awedZQHo6AAAAAABCb+7iVWcKjkZl4TwheI6pc5FQ6Ait00Kb5TvM53tqO06pbSEAAAAAArNjFvplMySmmWi0Z4JnJoiTPDE+qkCqGcJtlBVBmrh3WWMmqFnqu0AAAAABXGe6tnOFTHLU2ZiOeG0YdKYg0tS0xUfc8xyM19klxXLP2AAAAAaBxi3SsbgNfpEF8+CHxb2vdN6k0DKabsA9ijt5zjQ5qzLadW8r4gAAAAAFfLd3atbOM5pFYzl2/Y8bXs5EZ6fp6Waq3toHNKP2UlikRvvAAAAAR2929a8WZbS0StT5erZS9gOeCzzWmrEKXyWT5bbmsjrVusVMWvRlyAAAAAAXxyDt91/O9yzec4q4MI9wJs36U1tomS62Et00vkJHaOzdUc7sAAAAAAAAAAAAAAABJrlb8rpd81g86ygPR0AAAAAACE393Eqs4VHIzLwnhC8R1S5yKh0BFbpoU3yneZzvbUdp1S2kIAAAAABWbGLfTKZklNMtFozwTOTREmeGJ9VIFUM4TbKCqDNXDussZNULPVdoAAAAACuM91bOcKmOWpszEc8Now6UxBpalpio+55jkZr7JLiuWfsAAAAA0DjFulY3Aa/SIL58EPi3te6b1JoGU03YB7FHbznGhzVmW06t5XxAAAAAAK+W7u1a2cZzSKxnLt+x42vZyIz0/T0s1VvbQOaUfspLFIjfeAAAAAjt7t614sy2lolany9Wyl7Ac8FnmtNWIUvksny23NZHWrdYqYtejLkAAAAAAvjkHb7r+d7lm85xVwYR7gTZv0prbRMl1sJbppfISO0dm6o53YAAAAAAAAAAAAAAACTXK35XS75rB51lAejoAAAAAAEJv7uJVZwqORmXhPCF4jqlzkVDoCK3TQpvlO8zne2o7TqltIQAAAAACs2MW+mUzJKaZaLRngmcmiJM8MT6qQKoZwm2UFUGauHdZYyaoWeq7QAAAAAFcZ7q2c4VMctTZmI54bRh0piDS1LTFR9zzHIzX2SXFcs/YAAAABoHGLdKxuA1+kQXz4IfFva903qTQMppuwD2KO3nONDmrMtp1byviAAAAAAV8t3dq1s4zmkVjOXb9jxtezkRnp+npZqre2gc0o/ZSWKRG+8AAAABHb3b1rxZltLRK1Pl6tlL2A54LPNaasQpfJZPltuayOtW6xUxa9GXIAAAAABfHIO33X873LN5zirgwj3AmzfpTW2iZLrYS3TS+Qkdo7N1RzuwAAAAAAAAAAAAAAAEmuVvyul3zWDzrKA9HQAAAAAAITf3cSqzhUcjMvCeELxHVLnIqHQEVumhTfKd5nO9tR2nVLaQgAAAAAFZsYt9MpmSU0y0WjPBM5NESZ4Yn1UgVQzhNsoKoM1cO6yxk1Qs9V2gAAAAAK4z3Vs5wqY5amzMRzw2jDpTEGlqWmKj7nmORmvskuK5Z+wAAAADQOMW6VjcBr9IgvnwQ+Le17pvUmgZTTdgHsUdvOcaHNWZbTq3lfEAAAAAAr5bu7VrZxnNIrGcu37Hja9nIjPT9PSzVW9tA5pR+yksUiN94AAAACO3u3rXizLaWiVqfL1bKXsBzwWea01YhS+SyfLbc1kdat1ipi16MuQAAAAAC+OQdvuv53uWbznFXBhHuBNm/SmttEyXWwluml8hI7R2bqjndgAAAAAAAO4zoVsBewTxovn5RPb3ogs793vm1efs2Wv1jV+Xxx/T2yvuOdCtgL2CeNF8/KI9EFnfu982rz9mesavy+OP6e2V9xzoVsBewTxovn5RHogs793vm1efsz1jV+Xxx/T2yvuOdCtgL2CeNF8/KI9EFnfu982rz9mesavy+OP6e2V9xzoVsBewTxovn5RHogs793vm1efsz1jV+Xxx/T2yvuOdCtgL2CeNF8/KI9EFnfu982rz9mesavy+OP6e2V9xzoVsBewTxovn5RHogs793vm1efsz1jV+Xxx/T2yvuOdCtgL2CeNF8/KI9EFnfu982rz9mesavy+OP6e2V9x0iuhksYDUL2XXp0bia1KjeKxaVGP1z3yjrRo2lLRhHWjeGMI60YbUYRg+Ks7JrP6PVtYUiZqDxJ2YoNLnpqX/AJWu5Xizk1MTkuRK8WVWUqTK8WVJuXfBKk3ZN3weC7cu3PDcdTA2EIvv64jaDqorK13ymrq1imH6tp9H8wbMJnZ6FTq2olFpUzssxBU1PzWyzE7OSNkmZ2bnZHjeNNzkiXckyrnf50OWDPYb4w3q+XHi5prOhywZ7DfGG9Xy4B0OWDPYb4w3q+XAOhywZ7DfGG9Xy4B0OWDPYb4w3q+XAOhywZ7DfGG9Xy4B0OWDPYb4w3q+XAV7ylcE8Mbs3AkbQsS7PnKbrL0WdK067/GbwTOvUVlnWxW06v6nN2rMVUNenU1VLZQoQpw2OtClCFKlCPCWh2ZwRatUcxDcfVJ/nqlo9ZTFbzNC/wAlW9V+JWNFo9LosxSPKalp9XUuV4kxTqVN7FLn5UxK2Xxpc1KlyJuVI+qiUyk0Gcuz1FnNinJUi7N3ZXiTcvwyJUqTKu3PBOSZcn/W7Jk3fDcueH/T/nwXbvhon9Z13Pwd/u5//tIW2lt7Pxa9cY/71P6HnDXH8z4ei/0H1nXc/B3+7n/+0bS29n4teuMf96jzhrj+Z8PRf6D6zrufg7/dz/8A2jaW3s/Fr1xj/vUecNcfzPh6L/QfWddz8Hf7uf8A+0bS29n4teuMf96jzhrj+Z8PRf6D6zrufg7/AHc//wBo2lt7Pxa9cY/71HnDXH8z4ei/0H1nXc/B3+7n/wDtG0tvZ+LXrjH/AHqPOGuP5nw9F/oPrOu5+Dv93P8A/aNpbez8WvXGP+9R5w1x/M+Hov8AQjNs4O4cW/NUJ217u+e5mhUUJajW/wCL27Ua1TQp1lZRobCWtOpq461OtrI7KNCNOOy1o0owhRhD0bZLUNU2GQzSYPssonmvDlLrilV/SKu2ek13slbU2iUCg0ml+VxFPVvTpGyUWrKFNbBIpUmjSNg8ebmZE5OT0ucgW02wWye2OIaPFVpEKecdfUWqqNUkxT/87EtUbHVlEpNNplHovktQ1xVdClbHSawpk5s0ujyqRL2bxJc7Km5uakyMT6AOEnYn+/rzfLKT/SRGntn5dVX4KO9pbez8WvXGP+9R6AOEnYn+/rzfLJ6SI09s/Lqq/BNpbez8WvXGP+9R6AOEnYn+/rzfLJ6SI09s/Lqq/BNpbez8WvXGP+9R6AOEnYn+/rzfLJ6SI09s/Lqq/BNpbez8WvXGP+9R6AOEnYn+/rzfLJ6SI09s/Lqq/BNpbez8WvXGP+9R6AOEnYn+/rzfLJ6SI09s/Lqq/BNpbez8WvXGP+9R6AOEnYn+/rzfLJ6SI09s/Lqq/BNpbez8WvXGP+9SOVmSpgJWU6dZTuHsqdZTpU6dL66L5w16VOMaVKOtC8UIQ14xjHWhCEIdaEIPMtOsCslrKm0ysabCezUysKVSKbS57/OxLN7LSqVPS5+kTuxzVczc1N7JOzkuX4k1IkTcnw+LIkSZNy5cuf2JN6Ze/SJMmRJgDwSZMm5Jk3POqNbvguSbnguXPDdiS7du+C5c/wCbt27d/wD6/joUcAewLxpvp5Rvl2utjfud1hin94/1tTr3/wBwetUa94zoUcAewLxpvp5Rm11sb9zusMU/vDanXv8A7g9ao17xnQo4A9gXjTfTyjNrrY37ndYYp/eG1Ovf/cHrVGveM6FHAHsC8ab6eUZtdbG/c7rDFP7w2p17/wC4PWqNe8Z0KOAPYF40308oza62N+53WGKf3htTr3/3B61Rr3jOhRwB7AvGm+nlGbXWxv3O6wxT+8Nqde/+4PWqNe8bAWzkUZMlv1tTXWvhp57rJerpVVTS+vLECo2FClS2VKjrS166mjS16Xq69KFKMNqEYQ9RPVkNZU2wara4qiyie81aur6nTFZVtR9jmq88rptGmPJZme2WJJuuJ+Y8SYu+JsdGnZmalf8A1Lm5Uv8A3PTlg9bVhey1RX1RWIUjzJqqJ6yo1bV5RdimIk8urCiUW7Q6PSNni6ar+k0bY6NduzexUOeo8xL/APuXNSpz/cw3QE5J3uU+PWJXlil7bFWye+PV6Fv0aeNtjfAe/wB1Vgru4dATkne5T49YleWJtirZPfHq9C36M22N8B7/AHVWCu7h0BOSd7lPj1iV5Ym2Ktk98er0LfozbY3wHv8AdVYK7uHQE5J3uU+PWJXlibYq2T3x6vQt+jNtjfAe/wB1Vgru4dATkne5T49YleWJtirZPfHq9C36M22N8B7/AHVWCu7h0BOSd7lPj1iV5Ym2Ktk98er0LfozbY3wHv8AdVYK7uHQE5J3uU+PWJXlibYq2T3x6vQt+jNtjfAe/wB1Vgru4j1fqb+RfM19dMV+DWzrq+sp11bT9ETFajs6yspRp06WxoX5o0KOvSjGOtRowow2oQhD1HnKv4VqCKK8riJK9oHl1dV9WVNretqb5VTaN5XWNYUicpVMpHk1DpFHokxs0/Oy5zYqNMTMxN+N4s1NSJFy5Juf1pq/NvlJiam5matI8WbmpEmbkSfM+ApXiyJNy5Jk3PDKha7Ku+C5cuXPDdu3bt3/APbt1+XpbGRV7i/wi4seXb+R6N4L9jfMa1/Ofpt0r5jjK6nQB3VPS2Mir3F/hFxY8uz0bwX7G+Y1r+cbdK+Y4yup0Ad1T0tjIq9xf4RcWPLs9G8F+xvmNa/nG3SvmOMrqdAHdU9LYyKvcX+EXFjy7PRvBfsb5jWv5xt0r5jjK6nQB3VPS2Mir3F/hFxY8uz0bwX7G+Y1r+cbdK+Y4yup0Ad1T0tjIq9xf4RcWPLs9G8F+xvmNa/nG3SvmOMrqdAHdVx5zUzciOflZmSm8FPqsrN1FbLzFV6JGLdX9Uqa6hGrrKGzq7+0KyhsqFKMNlQp0acNfXo0oR1ov78Kw/VEExNUEYwxRP8AGRHC9cVdX9RVj5RSqb5DW1U0qaptX0vySsJ6l0Ck+T0qZmp3YKZRaRRp3xfEnpmcm5UqRd/iRLfYW/xfD1dwrEUff5CoYjqqn1JXNA81oKonllWVnRpyh02jeVUGHKNTaPs9HnZyb2ai0iYpE343jzM7Ny7kmVchfpRep5+98+FfG/5ynr3bpXzHGV1OgDuq8ueb1T/w/iKV/eelF6nn73z4V8b/AJyjbpXzHGV1OgDuqeb1T/w/iKV/eelF6nn73z4V8b/nKNulfMcZXU6AO6p5vVP/AA/iKV/eelF6nn73z4V8b/nKNulfMcZXU6AO6p5vVP8Aw/iKV/eelF6nn73z4V8b/nKNulfMcZXU6AO6p5vVP/D+IpX956UXqefvfPhXxv8AnKNulfMcZXU6AO6p5vVP/D+IpX956UXqefvfPhXxv+co26V8xxldToA7qnm9U/8AD+IpX97rO1TDJ1wbyF7j4ZXsyV7nehbb9+712vd69U/9cN6b7/4rY9m2RQtKSk/OuItuXukpH6jO0o13nizZaTmqzX+p1tfWVWtVva15TNyL9WKY2he+auekuooJqCr6/hig+G7Bv+MrasKxu1dS6X5TZ/dhSmU3ZqHJuTOwVhSKXRpvwbJNTMid/wB7m4ku3YcmKNP1Nd8jnaTOy5qelbo8ebkyPHkyfFpWzyZPglf6+GRckyrv/F27duf6OnjoosdOznxZuf5PrFPV0Xm3E79QrVO/DkfO6IfaHwlB/GOiix07OfFm5/k+erovNuJ36hWqd+DzuiH2h8JQfxjoosdOznxZuf5Pnq6Lzbid+oVqnfg87oh9ofCUH8Y6KLHTs58Wbn+T56ui824nfqFap34PO6IfaHwlB/GOiix07OfFm5/k+erovNuJ36hWqd+DzuiH2h8JQfxjoosdOznxZuf5Pnq6Lzbid+oVqnfg87oh9ofCUH8Y6KLHTs58Wbn+T56ui824nfqFap34PO6IfaHwlB/GOiix07OfFm5/k+erovNuJ36hWqd+DzuiH2h8JQfxjoosdOznxZuf5Pnq6Lzbid+oVqnfg87oh9ofCUH8Z7ilTLH2AAAAAAAkF0t9V2e+CxucZZ/Nrneetf8Arad/5Z129meMiz7pvCmnqA76FdLZyAAAAAArDlZ/czs7vwsvmq3QdcoAAAAAAAAAAAAAAAAAAAAAAAAAAAAAAAAAAAAAAAAAAAAOhjV5fuS4CfnFvL/DVUt9wQeMi2DoRUenpTgI/wBx1fzmd7K48xy+tFwAAAAAAAD6BDN+yPgAAAAAAJBdLfVdnvgsbnGWfza53nrX/rad/wCWddvZnjIs+6bwpp6gO+hXS2cgAAAAAKw5Wf3M7O78LL5qt0HXKAAAAAAAAAAAAAAAAAAAAAAAAAAAAAAAAAAAAAAAAAAAADoY1eX7kuAn5xby/wANVS33BB4yLYOhFR6elOAj/cdX85neyuPMcvrRcAAAAAAAA+gQzfsj4AAAAAACQXS31XZ74LG5xln82ud561/62nf+WddvZnjIs+6bwpp6gO+hXS2cgAAAAAKw5Wf3M7O78LL5qt0HXKAAAAAAAAAAAAAAAAAAAAAAAAAAAAAAAAAAAAAAAAAAAADoY1eX7kuAn5xby/w1VLfcEHjItg6EVHp6U4CP9x1fzmd7K48xy+tFwAAAAAAAD6pD/iTrIAAAAAAAGnsof7gGOX5nsTP4Ktt29meMiz7pvCmnqA+am7jpfNp/spb5KDZy88AAAAAAP0qunh4OOAJNI9buv7glsltUe1HigCXSO34IcUAS6R2vDDjgCXSO3Dtw46QJbI9buf7gl8jt+CHFAEsktuj248cAS+R6eH068QSyT+88H9QS+T26Pbo8QJdJbdHtx44Alspt/s+MCXSf3ng/qCXSm1+z4oJbJbVHtR4oAl0ntUe1R4wS+T+88H9QSyR6SH060QS+S2qPajxQBLJHa8MOOAJfI9buv7gl0j0kPp1oglsjt+CHFAEukdrww44Alsj08Pp14gl0j1u5/uCXSO3D6feRBLZLbo9uPHAEvkenh9OvEEtk9qj2qPGCXSe3R7dHiBLZPrf+wJdKbf7PjAl0n954P6gl8nt0e3R4gSyS2qPajxQBLpPao9qjxgyYAAAAAAPPJ5oZ+41k7/nNvT/CtW8+3wO88Pf9lSv/ACyVv2CDxj2wdCai07OPKU8sr6gAAAAAAAH0CGbdknAAAAAAAaeyh/uAY5fmexM/gq23b2Z4yLPum8KaeoD5qbuOl82n+ylvkoNnLzwAAAAAA/Sq6eHg44Ak0j1u6/uCWyW1R7UeKAJdI7fghxQBLpHa8MOOAJdI7cO3DjpAlsj1u5/uCXyO34IcUASyS26PbjxwBL5Hp4fTrxBLJP7zwf1BL5Pbo9ujxAl0lt0e3HjgCWym3+z4wJdJ/eeD+oJdKbX7PiglsltUe1HigCXSe1R7VHjBL5P7zwf1BLJHpIfTrRBL5Lao9qPFAEskdrww44Al8j1u6/uCXSPSQ+nWiCWyO34IcUAS6R2vDDjgCWyPTw+nXiCXSPW7n+4JdI7cPp95EEtktuj248cAS+R6eH068QS2T2qPao8YJdJ7dHt0eIEtk+t/7Al0pt/s+MCXSf3ng/qCXye3R7dHiBLJLao9qPFAEuk9qj2qPGDJgAAAAAA88nmhn7jWTv8AnNvT/CtW8+3wO88Pf9lSv/LJW/YIPGPbB0JqLTs48pTyyvqAAAAAAAAfQIZt2ScAAAAAABp7KH+4Bjl+Z7Ez+CrbdvZnjIs+6bwpp6gPmpu46Xzaf7KW+Sg2cvPAAAAAAD9Krp4eDjgCTSPW7r+4JbJbVHtR4oAl0jt+CHFAEukdrww44Al0jtw7cOOkCWyPW7n+4JfI7fghxQBLJLbo9uPHAEvkenh9OvEEsk/vPB/UEvk9uj26PECXSW3R7ceOAJbKbf7PjAl0n954P6gl0ptfs+KCWyW1R7UeKAJdJ7VHtUeMEvk/vPB/UEskekh9OtEEvktqj2o8UASyR2vDDjgCXyPW7r+4JdI9JD6daIJbI7fghxQBLpHa8MOOAJbI9PD6deIJdI9buf7gl0jtw+n3kQS2S26PbjxwBL5Hp4fTrxBLZPao9qjxgl0nt0e3R4gS2T63/sCXSm3+z4wJdJ/eeD+oJfJ7dHt0eIEsktqj2o8UAS6T2qPao8YMmAAAAAADzyeaGfuNZO/5zb0/wrVvPt8DvPD3/ZUr/wAslb9gg8Y9sHQmotOzjylPLK+oAAAAAAAB6xvTndTV98j8D2PfzWqk/Vy35fE59QrK+/DIH53Q97Q+Ep34x6c7qavvkfgex7+a09XLfl8Tn1Csr78HndD3tD4SnfjHpzupq++R+B7Hv5rT1ct+XxOfUKyvvwed0Pe0PhKd+MenO6mr75H4Hse/mtPVy35fE59QrK+/B53Q97Q+Ep34x6c7qavvkfgex7+a09XLfl8Tn1Csr78HndD3tD4SnfjHpzupq++R+B7Hv5rT1ct+XxOfUKyvvwed0Pe0PhKd+MenO6mr75H4Hse/mtPVy35fE59QrK+/B53Q97Q+Ep34x6c7qavvkfgex7+a09XLfl8Tn1Csr78HndD3tD4SnfjNZY16sHqdF5MGsW7u2LlEefbYt7DK/ti2TJ+hJjpL+e7TtS6tqyMhLeeJvDKolaj6vNV9VVfVpmvqZeq2ezrq2rq6NKnDqYGwe99/U8bQdW9ZWReTVdVUUw/WVPpHn9ZhPbBQqDW1EpVKntimI1nZ+d2KYmpyXsczNTk7L8XxZubly7smTd/CkxXUE5RqRNyKf4ZcuYnZEm55LTbnhlSpuVJk3PDdo1y5c8N27cueG7duXLn/AO3blx835prQ0AAAAAA/urjCjShGMdaH/wDYe0DOSs9K1ets63Y/Za/SVkfU9X2qEQSKVtyy6uFHZzWx1oR1/wD4JiPFUxBI5S9dgVXTz+x9T/8ALOx634paIO0XJK1MPLky1cLqeNGTLgh6JeGlXea1rn07yeiVhDc3WvFYVTZ01atnf4PiBf8Aurb8fOtRashT89wsqMjX/V9jLTVdTqq6jVhbaV1BbVYauP2eSnsfVh/rnk2x/wDt7WMMfbgCQyuoSaqtV62zyWNj9jrfdvycY+r6vtYvRBJJTUM9VLqunyXdj6nu2ZO0et+LFyIJDK6iDqoNXGjs8mLY60Y6/wBunJ6jxYsxBI5XUUNU2q6UI08mjYw/PLk/R68faxWiCQy2ovapZV7HZ5Nutra2v9uLAOPt+1inEEjltRu1SGr1tnk5a2tGH+r2A8dqH4sUIgkcrqPmqL1caOzyd9jrRjr/AG28C48WJsQSGX1IvVDKuP2eT5rbX+q+CEevr9bEqIJHLakzqgVXsdngDra2tr/bUwUj7ftYjxBI5fUqMverh9ngPrbX+qGDMetrdbESIJDK6lvl21cKOzwM2OtCOv8AbNwdjxYgxBI5bUxcuKr1tngjra0If6lYQx2o/iv9EEjltTUy16vY7PBbW1tbX+2NhNH2/av3EGs8oLJvxoyR8GL4ZQOULcz0PsIsP/re+u69v1xXUvX/AIT9dV6bEuTYP/gbkW7eW88/5/vPeSxbM/8AGWLO+dfPvn2d872fLTc3UB1syuqSZFtXCjs8Z9jrQjr/AGusV48VxYgkMpqmWRFVdPjZsfV9zfFuPX/FcKIJHK6qDkMVets8cdj9lr/c0xgj6nq+1h/EEjldVQyDaujCFPHbYx/NhjJHrR9rDyIJFKaq9kB1XT497H1Pctxpj1vxYcxBIpTVbdT4qunygNj6vuU42x6/4sNogzUrqw2pzVdKEaeUTsYfmkx0j14+1hjEEjldWU1Nur1tnlHbH7HW+5BjzH1fV9rC+IJNI6s/qamvrdEl0sNeP2nsfPUhsYw9yz2/aBJpXVp9TOq40dnlK7HWjHX+05j9HiwriCRyurbamHV0oRp5TWxh+ZjKDj14+1hREEplNW81L+jRo0qWU5rQjRoxhH0F8oWPqR9XrYT6+0CRy2rk6lrV62zyodbWjD/RTKJjtQ/FhJEEgqdXb1Kmoo7Ktyp9hRhr68fQQyjqW3HWh6lHCGlH1QZ2X1fHUmauP2eVdrbX+hWUpHr6/WwciCRS2r/6kdV7HZ5Wmtra2v8AaHymY+37WDMQTCQ1f7Uj6yro1tDKz16uMfUpegPlMQ6XXo0vUjg1Cl6kYRhter1vUBJpXzQLqRVXCjs8rbY60I6/2hspuPFgxEEgqfNC+o+y9ClWV2V5sKFXQ2VOPoA5UFLWo0delSjrUMFKUY60Ia+tCEYx60IxB/n+Yx1Gr34v/HvKo+Y8D/MY6jV78X/j3lUfMeB/mMdRq9+L/wAe8qj5jwP8xjqNXvxf+PeVR8x4H+Yx1Gr34v8Ax7yqPmPA/wAxjqNXvxf+PeVR8x4H+Yx1Gr34v/HvKo+Y8HURqu2qwZAOWjhzhDdjJox89Em3LlX2ty3rzSPoWY03O/wyybQsKhZ8pN+eb/Yc3Vk5z6tOUY1P1Cz5ibmavW+qVtTQqvs0O2wwrX0U1bU1HqGgeXztEp1InqRI8qoVF2OblzFyRJleNTKRR5Mvwyrng8EiVKlXP+bty5c/1WP4OK3qyewWNbSK3tYivzUq+v4WqmrqppH+CiWvfK6bRq2l0mfmdihup64n5jxJi7cl7JSZqZmpX/zInJUv/a6HPRSuJ+Hf3ZbPyegP0QWie73zao/2a2/1i95txxfT21TuOeilcT8O/uy2fk89EFonu982qP8AZnrF7zbji+ntqncc9FK4n4d/dls/J56ILRPd75tUf7M9YvebccX09tU7jnopXE/Dv7stn5PPRBaJ7vfNqj/ZnrF7zbji+ntqncc9FK4n4d/dls/J56ILRPd75tUf7M9YvebccX09tU7jnopXE/Dv7stn5PPRBaJ7vfNqj/ZnrF7zbji+ntqncc9FK4n4d/dls/J56ILRPd75tUf7M9YvebccX09tU7jnopXE/Dv7stn5PPRBaJ7vfNqj/ZnrF7zbji+ntqncc9FK4n4d/dls/J56ILRPd75tUf7M9YvebccX09tU7jqfvbzLiAAAAAAAx1sbk2pm6d0atBQgAAAAAAAAAAH0jPMrHsXc3+kti1zHh8D0mAAAAAAAAAAAAAA6SfNGPsNWWL+r3/NRgeD5boAAAAAI+ADnSPT1ncw4wZIAGcqfWqr8nQ+LAH6A4036xS7dH40AYgAE0sbc+q7qt5SkDKA4s91HNcHruTpAgIAAAAAAN54GbrW7m6X0kFlQAAAAAAAAAAAAAAAAY62NybUzdO6NWgoQAAAAAAAAAAD6RnmVj2Lub/SWxa5jw+B6TAAAAAAAAAAAAAAdJPmjH2GrLF/V7/mowPB8t0AAAAAEfABzpHp6zuYcYMkADOVPrVV+TofFgD9Acab9Ypduj8aAMQACaWNufVd1W8pSBlAcWe6jmuD13J0gQEAAAAAAG88DN1rdzdL6SCyoAAAAAAAAAAAAAAAAMdbG5NqZundGrQUIAAAAAAAAAAB9IzzKx7F3N/pLYtcx4fA9JgAAAAAAAAAAAAAOknzRj7DVli/q9/zUYHg+W6AAAAACPgA50j09Z3MOMGSABnKn1qq/J0PiwB+gONN+sUu3R+NAGIABNLG3Pqu6reUpAygOLPdRzXB67k6QICAAAAAADeeBm61u5ul9JBZUAAAAAAAAAAAAAAAAGOtjcm1M3TujVoKEAAAAAAAAAAA+kZ5lY9i7m/0lsWuY8PgekwAAAAAAAAAAAAAHST5ox9hqyxf1e/5qMDwfLdAAAAABHwAc6R6es7mHGDJAAzlT61Vfk6HxYA/QHGm/WKXbo/GgDEAAmljbn1XdVvKUgZQHFnuo5rg9dydIEBAAAAAABvPAzda3c3S+kgsqAAAAAAAAAAAAAAAADHWxuTambp3Rq0FCAAAAAAAAAAAfSM8ysexdzf6S2LXMeHwPSYAAAAAAAAAAAAADpJ80Y+w1ZYv6vf8ANRgeD5boAAAAAI+ADnSPT1ncw4wZIAGcqfWqr8nQ+LAH6A4036xS7dH40AYgAE0sbc+q7qt5SkDKA4s91HNcHruTpAgIAAAAAAN54GbrW7m6X0kFlQAAAAAAAAAAAAAAAAY62NybUzdO6NWgoQAAAAAAAAAAD6RnmVj2Lub/AElsWuY8PgekwAAAAAAAAAAAAAHST5ox9hqyxf1e/wCajA8Hy3QAAAAAR8AHOkenrO5hxgyQAM5U+tVX5Oh8WAP0Bxpv1il26PxoAxAAJpY259V3VbylIGUBxZ7qOa4PXcnSBAQAAAAAAbzwM3Wt3N0vpILKgAAAAAAAAAAAAAAAAx1sbk2pm6d0atBQgAAAAAAAAAAH0jPMrHsXc3+kti1zHh8D0mAAAAAAAAAAAAAA6SfNGPsNWWL+r3/NRgeD5boAAAAAI+ADnSPT1ncw4wZIAGcqfWqr8nQ+LAH6A4036xS7dH40AYgAE0sbc+q7qt5SkDKA4s91HNcHruTpAgIAAAAAAN54GbrW7m6X0kFlQAAAAAAAAAAAAAAAAY62NybUzdO6NWgoQAAAAAAAAAAD6RnmVj2Lub/SWxa5jw+B6TAAAAAAAAAAAAAAdJPmjH2GrLF/V7/mowPB8t0AAAAAEfABzpHp6zuYcYMkADOVPrVV+TofFgD9Acab9Ypduj8aAMQACaWNufVd1W8pSBlAcWe6jmuD13J0gQEAAAAAAG88DN1rdzdL6SCyoAAAAAAAAAAAAAAAAMdbG5NqZundGrQUIAAAAAAAAAAB9IzzKx7F3N/pLYtcx4fA9JgAAAAAAAAAAAAAOknzRj7DVli/q9/zUYHg+W6AAAAACPgA50j09Z3MOMGSABnKn1qq/J0PiwB+gONN+sUu3R+NAGIABNLG3Pqu6reUpAygOLPdRzXB67k6QICAAAAAADeeBm61u5ul9JBZUAAAAAAAAAAAAAAAAGOtjcm1M3TujVoKEAAAAAAAAAAA+kZ5lY9i7m/0lsWuY8PgekwAAAAAAAAAAAAAHST5ox9hqyxf1e/5qMDwfLdAAAAABHwAc6R6es7mHGDJAAzlT61Vfk6HxYA/QHGm/WKXbo/GgDEAAmljbn1XdVvKUgZQHFnuo5rg9dydIEBAAAAAABvPAzda3c3S+kgsqAAAAAAAAAAAAAAAADHWxuTambp3Rq0FCAAAAAAAAAAAfSM8ysexdzf6S2LXMeHwPSYAAAAAAAAAAAAADpJ80Y+w1ZYv6vf81GB4PlugAAAAAj4AOdI9PWdzDjBkgAZyp9aqvydD4sAfoDjTfrFLt0fjQBiAATSxtz6ruq3lKQMoDiz3Uc1weu5OkCAgAAAAAA3ngZutbubpfSQWVAAAAAAAAB//2Q==',2,'field21;field33;option','active','test'),(10,'another test',NULL,NULL,NULL,456,NULL,2,'field13;field22;field31;option','active',NULL),(11,'testListings','blaBla',4,'2021-09-16',120,NULL,4,NULL,'cancelled',NULL),(14,'toDelete',NULL,NULL,NULL,789123,NULL,2,'field23;field32','cancelled',NULL),(15,'toCancel',NULL,NULL,NULL,123,NULL,2,'field23;field32','cancelled',NULL),(16,'cancel test',NULL,NULL,NULL,0.01,NULL,2,'','cancelled',NULL),(17,'temp',NULL,33,NULL,456,NULL,2,'field11','cancelled',NULL),(18,'testListings2','qsdfqsd',3,'2021-10-16',40,NULL,5,'field11;field12;field13;field14;field23;field33','active','gent'),(19,'testListings3','mlkjqsdvo',10,'2021-10-15',8,'data:image/jpeg;base64,/9j/4AAQSkZJRgABAQAAAQABAAD/4gIoSUNDX1BST0ZJTEUAAQEAAAIYAAAAAAIQAABtbnRyUkdCIFhZWiAAAAAAAAAAAAAAAABhY3NwAAAAAAAAAAAAAAAAAAAAAAAAAAAAAAAAAAAAAQAA9tYAAQAAAADTLQAAAAAAAAAAAAAAAAAAAAAAAAAAAAAAAAAAAAAAAAAAAAAAAAAAAAAAAAAAAAAAAAAAAAlkZXNjAAAA8AAAAHRyWFlaAAABZAAAABRnWFlaAAABeAAAABRiWFlaAAABjAAAABRyVFJDAAABoAAAAChnVFJDAAABoAAAAChiVFJDAAABoAAAACh3dHB0AAAByAAAABRjcHJ0AAAB3AAAADxtbHVjAAAAAAAAAAEAAAAMZW5VUwAAAFgAAAAcAHMAUgBHAEIAAAAAAAAAAAAAAAAAAAAAAAAAAAAAAAAAAAAAAAAAAAAAAAAAAAAAAAAAAAAAAAAAAAAAAAAAAAAAAAAAAAAAAAAAAAAAAAAAAAAAAAAAAFhZWiAAAAAAAABvogAAOPUAAAOQWFlaIAAAAAAAAGKZAAC3hQAAGNpYWVogAAAAAAAAJKAAAA+EAAC2z3BhcmEAAAAAAAQAAAACZmYAAPKnAAANWQAAE9AAAApbAAAAAAAAAABYWVogAAAAAAAA9tYAAQAAAADTLW1sdWMAAAAAAAAAAQAAAAxlblVTAAAAIAAAABwARwBvAG8AZwBsAGUAIABJAG4AYwAuACAAMgAwADEANv/bAEMAAQEBAQEBAQEBAQEBAQEBAQEBAQEBAQEBAQEBAQEBAQEBAQEBAQEBAQEBAQEBAQEBAQEBAQEBAQEBAQEBAQEBAf/bAEMBAQEBAQEBAQEBAQEBAQEBAQEBAQEBAQEBAQEBAQEBAQEBAQEBAQEBAQEBAQEBAQEBAQEBAQEBAQEBAQEBAQEBAf/AABEIAWgCPAMBEQACEQEDEQH/xAAdAAEAAQUBAQEAAAAAAAAAAAAABwMEBQYIAgEJ/8QATxAAAQEDBgcMCQMCBQIGAwAAAQACAxEEBQYhMUESE1FhcZLRBxQWFyJTgZGhseHwIzJCUlRjk8HSFWLxgqIIGCQzQ4PTNERysrPCc6PD/8QAGwEBAAIDAQEAAAAAAAAAAAAAAAUGAwQHAQL/xABDEQACAQEECAMGAwcEAgICAwAAAREhAjFBUQMEBRJhcYGRobHwEyJSwdHhBhXxFBYyQpKi0iNiY6Mk4gdyM1NDgrL/2gAMAwEAAhEDEQA/AP1VxD/mXv029iA+Fy9Frp4NLDWxAeSw2LWGhpZI+yAYDZsYaP8ASdiA9By+Njp4dDDR+yA+4h/zL36bexAMQ/5l79NvYgGIf8y9+m3sQDEP+Ze/Tb2IBiH/ADL36bexAMQ/5l79NvYgGIf8y9+m3sQDEP8AmXv029iAYh/zL36bexAMQ/5l79NvYgGIf8y9+m3sQDEP+Ze/Tb2IBiH/ADL36bexAMQ/5l79NvYgGIf8y9+m3sQDEP8AmXv029iAYh/zL36bexAMQ/5l79NvYgGIf8y9+m3sQDEP+Ze/Tb2IBiH/ADL36bexAMQ/5l79NvYgGIf8y9+m3sQDEP8AmXv029iAYh/zL36bexAMQ/5l79NvYgGIf8y9+m3sQDEP+Ze/Tb2IBiH/ADL36bexAMQ/5l79NvYgGIf8y9+m3sQDEP8AmXv029iAYh/zL36bexAMQ/5l79NvYgGIf8y9+m3sQDEP+Ze/Tb2IBiH/ADL36bexAMQ/5l79NvYgGIf8y9+m3sQDEP8AmXv029iAYh/zL36bexAMQ/5l79NvYgGIf8y9+m3sQDEP+Ze/Tb2IBiH/ADL36bexAMQ/5l79NvYgGIf8y9+m3sQDEP8AmXv029iAYh/zL36bexAMQ/5l79NvYgGIf8y9+m3sQDEP+Ze/Tb2IBiH/ADL36bexAMQ/5l79NvYgGIf8y9+m3sQDEP8AmXv029iAYh/zL36bexAMQ/5l79NvYgGIf8y9+m3sQDEP+Ze/Tb2IBiH/ADL36bexAMQ/5l79NvYgGIf8y9+m3sQDEP8AmXv029iAYh/zL36bexAMQ/5l79NvYgGIf8y9+m3sQHaXFOfhRqFAavO+5vvbC/05qjaxk6M5jbEoCMZ3ovvbC9GRCNWD5sh3aEB7mmiwlIZ9GCTmy+brIwF6Ak+adzYSrA9ACTCvB7bIW1w6TWgNk4pz8KNQoBxTn4UahQDinPwo1CgHFOfhRqFAOKc/CjUKAcU5+FGoUA4pz8KNQoBxTn4UahQDinPwo1CgHFOfhRqFAOKc/CjUKAcU5+FGoUA4pz8KNQoBxTn4UahQDinPwo1CgHFOfhRqFAOKc/CjUKAcU5+FGoUA4pz8KNQoBxTn4UahQDinPwo1CgHFOfhRqFAOKc/CjUKAcU5+FGoUA4pz8KNQoBxTn4UahQDinPwo1CgHFOfhRqFAOKc/CjUKAcU5+FGoUA4pz8KNQoBxTn4UahQDinPwo1CgHFOfhRqFAOKc/CjUKAcU5+FGoUA4pz8KNQoBxTn4UahQDinPwo1CgHFOfhRqFAOKc/CjUKAcU5+FGoUA4pz8KNQoBxTn4UahQDinPwo1CgHFOfhRqFAOKc/CjUKAcU5+FGoUA4pz8KNQoBxTn4UahQDinPwo1CgHFOfhRqFAOKc/CjUKAcU5+FGoUA4pz8KNQoBxTn4UahQDinPwo1CgHFOfhRqFAOKc/CjUKAcU5+FGoUA4pz8KNQoBxTn4UahQDinPwo1CgHFOfhRqFAOKc/CjUKAcU5+FGoUA4pz8KNQoDv8A4PzXzHaNiAiimMyze7xmC4AtvF/R1bEBynTGQSZgvgyxCAaN12WrOgLih0gkrZchp3GIZjZoyXXIDquh8yzc3iy04BrAuyjN50VICUOD818x2jYgHB+a+Y7RsQDg/NfMdo2IBwfmvmO0bEA4PzXzHaNiAcH5r5jtGxAOD818x2jYgHB+a+Y7RsQDg/NfMdo2IBwfmvmO0bEA4PzXzHaNiAcH5r5jtGxAOD818x2jYgHB+a+Y7RsQDg/NfMdo2IBwfmvmO0bEA4PzXzHaNiAcH5r5jtGxAOD818x2jYgHB+a+Y7RsQDg/NfMdo2IBwfmvmO0bEA4PzXzHaNiAcH5r5jtGxAOD818x2jYgHB+a+Y7RsQDg/NfMdo2IBwfmvmO0bEA4PzXzHaNiAcH5r5jtGxAOD818x2jYgHB+a+Y7RsQDg/NfMdo2IBwfmvmO0bEA4PzXzHaNiAcH5r5jtGxAOD818x2jYgHB+a+Y7RsQDg/NfMdo2IBwfmvmO0bEA4PzXzHaNiAcH5r5jtGxAOD818x2jYgHB+a+Y7RsQDg/NfMdo2IBwfmvmO0bEA4PzXzHaNiAcH5r5jtGxAOD818x2jYgHB+a+Y7RsQDg/NfMdo2IBwfmvmO0bEA4PzXzHaNiAcH5r5jtGxAOD818x2jYgHB+a+Y7RsQDg/NfMdo2IBwfmvmO0bEA4PzXzHaNiAcH5r5jtGxAOD818x2jYgHB+a+Y7RsQDg/NfMdo2IBwfmvmO0bEA4PzXzHaNiAcH5r5jtGxAOD818x2jYgM0gIjpp7aA5Kpna+0Nd6AuKGWudDPegOtKGWO9LPeEBKqAIAgCAIAgCAIAgCAIAgCAIAgCAIAgCAIAgCAIAgCAIAgCAIAgCAIAgCAIAgCAIAgCAIAgCAIAgCAIAgCAIAgCAIAgCAIAgCAIAgCAIAgCAIAgCAICI6ae2gOSqZ2vtDXegLihlrnQz3oDrShljvSz3hASqgCAIAgCAIAgCAIAgCAIAgCAIAgCAIAgCAIAgCAIAgCAIAgCAIAgCAIAgCAIAgCAIAgCAIAgCAIAgCAIAgCAIAgCAIAgCAIAgCAIAgCAIAgCAIAgCAiOmntoDkqmdr7Q13oC4oZa50M96A60oZY70s94QEqoAgCAIAgCAIAgCAIAgCAIAgCAIAgCAIAgCAIAgCAIAgCAIAgCAIAgCAIAgCAIAgCAIAgCAIAgCAIAgCAIAgCAIAgCAIAgCAIAgCAIAgCAIAgCAIAgIjpp7aA5Kpna+0Nd6AuKGWudDPegOtKGWO9LPeEBKqAIAgCAIAgCAIAgCAIAgCAIAgCAIAgCAIAgCAIAgCAIAgCAIAgCAIAgCAIAgCAIAgCAIAgCAIAgCAIAgCAIAgCAIAgCAIAgCAIAgCAIAgCAIAgCAICI6ae2gOSqZ2vtDXegLihlrnQz3oDrShljvSz3hASqgCAIAgCAIAgCAIAgCAIAgCAIAgCAIAgCAIAgPLTYBhCJXjd9yWbzXDvj0BQblAYZaaqqBOiAjbGC+Xbjn28KtdYoepNxhPqmfS7GDS51pm5m3CwiwMG2MLht06Qo/T6/Z0U1WPJ5fOmMdTZ0eru3EK+6cbsFHfmRvOW7fI5vaLLTTiMYQODlhmJrqqvF6idN+ItHonDdldpvyr+puWNm2rWDunFfX1JZu93qQt2NSeH9G3RdXcsS/E2jcVsvO7Ds/p4n1+V2/Ul873b5E37bg5PU26L4L7/AHk0bxsLt82/XNT49mW1g74pPr0ypx2SL3nHWztT949H8dj+08/Lbfw2uzHHZIvecdbO1P3j0fx2P7R+W2/htdmOOyRe8462dqfvHo/jsf2j8tt/Da7Mcdki95x1s7U/ePR/HY/tH5bb+G12Y47JF7zjrZ2p+8ej+Ox/aPy238Nrsxx2SL3nHWztT949H8dj+0fltv4bXZjjskXvOOtnan7x6P47H9o/Lbfw2uzHHZIvecdbO1P3j0fx2P7R+W2/htdmOOyRe8462dqfvHo/jsf2j8tt/Da7Mcdki95x1s7U/ePR/HY/tH5bb+G12Y47JF7zjrZ2p+8ej+Ox/aPy238Nrszy1u2yIMk4TgQviztT95NGv5rD4TZ+q8x+W2/htdmYuUbvshcRi3J+ksXW1xhk68qxWvxRo7Lvs9YpNz6ZTNx9rZVt3JvvT0uVTDt/4kZvZeB3hyaJMPY2rE/xZopjesVcVifvT1FTJ+T27923F/rzwM/It3eQyuGC1J6//T3W57owMBBbei/Eej0kVsuYyryuv6/Mw2tmWrN6fG+ma7eqG4SLdPk0rhgtOq7+TVH7ecikNHtazpMscVWHhKk1rWqOzesqOesP74QbZI6VOpVgwLHKyZ8mX+ejcsa2rdE8sv08co44HoXZvTo3WnqPryNpk0oEoYwhpq8+e7bsWt7LhBitWd1lyvs+QgCAIAgCAIAgCAIAgCAIAgCAIAgCAIAgCAICI6ae2gOSqZ2vtDXegLihlrnQz3oDrShljvSz3hASqgCAIAgCAIAgCAIAgCAIAgCAIAgCAIAgCAIAgLF88DNrQy1kCJjfo83LG3DpgoVapQruLmJwSxPqyp8rqdeWWbU0MLLpYww4fHGMVOmz6zNzJ6qxmzlYLdpKzaqlFluJupl25meypaUTLU5uuPqmBxPusU3bm4SnAba5JbHJwib/AHdgXPdubQeiVuG5UqlYrj43YRBY9Q1VW0pS8nfHS9YpVrKqfmlum7uktkEqaZYalRg9A5Lt6a8IRsEI25dK5Btj8SW9FbaVq3/FdDzpdcqPydKlw1LZlm2pizjiv1hYU4QaVNu77L3mDAyyJhXin98P290CovR/ijSO923dhaa45rrD4wbdrZVmtLPLtNXy8DfJBu3y94zWJYQRzL7six4251u2PxLpHjbnlaWV0J04mva2ZY/2pzi1zrf0fmZLjqlvuyz6L38Fk/eXS/Fb/wCz/E+fyxZ2O6HHVLfdln0Xv4J+8ul+K3/2f4j8sWdjuhx1S33ZZ9F7+CfvLpfit/8AZ/iPyxZ2O6HHVLfdln0Xv4J+8ul+K3/2f4j8sWdjuhx1S33ZZ9F7+CfvLpfit/8AZ/iPyxZ2O6HHVLfdln0Xv4J+8ul+K3/2f4j8sWdjuhx1S33ZZ9F7+CfvLpfit/8AZ/iPyxZ2O6HHVLfdln0Xv4J+8ul+K3/2f4j8sWdjuhx1S33ZZ9F7+CfvLpfit/8AZ/iPyxZ2O6HHVLfdln0Xv4J+8ul+K3/2f4j8sWdjuj4d2yWC3fY0uno/+i8/eXSfFa728L/5R+WLOx3RQf7t8qYdPDhSoEMx9R4P/qF82vxNb3X79q7O0/Oyl4nq2Wm1/C1ODv4ES0i/xCS1xjIPJVVGxh72cmrp8VFax+KtJZlTbrkrWF98qL++Zu6LZNm1EpTOamnJ3X88iG5X/iYnBmcXDsPJYcJ6RU7fEWG3k3VjToioa1+LtKtLZU2370fw2r6wrr8n3eW8tjWdxv3aL/a3fXGeUY5YdCUE3fJbLMTFuVGOD/xvoiMP22VQrrVw2X+JNJpd2XbrGDr85uvonSG6ENrey7NmV7vBzTmqrjd3VDs2g26hKZaHRJlFYZtdvKrIVEVg1WhdE2btW3pLKbVusRR8Hl445Fb1rU7Nluq/Wb87qY86T1zQylT2VFyGi9rAFbLUbraoRzZgbbLrqOtu3u3uefHp16c4LWNCrM4XqKZ0cqqv4+J1VRmUGUSXCMfVZt6PPX0W3VbTtWE3lk15+PTgQulUOMm1fhhxfqbzZltGIIAgCAIAgCAIAgCAIAgCAIAgCAIAgCAIAgCAiOmntoDkqmdr7Q13oC4oZa50M96A60oZY70s94QEqoAgCAIAgCAIAgCAIAgCAIAgCAIAgCAIAgCA8tmDLRyMk9QK8dz5MEZUgnremMGHgwjf9qhnymyCjNZ0+5KT45zjXGvyk29Fo95xyz9cI4pTcQfSGn4cB6xj4Ehpn1hfEVmOeEK7ioLWtobqtLeTo4c15R0w8JrJaHVpabWOUzdWk4/q7jmimMo/XMaI4ZbwumP8i7NC0KibV0nt1axT78OfL5ontVXs3ZpRX4Q2/C7jHY5apRuSfrUoDW9cOL0H1f3RrqN1tfRk5xtLZvtrcqzMv53rGkZ0eVWWHV9c9mr8OWSpxuTi/AyMxf4fi3gQkVRh/wAeYjJbCC09Hsf/AGYrrwxl8Lu5929of7qZTObnLPhjiTHM3+HQtsCMiNTPNxrhmEfPSZDR7Hp/BM4uV9H4U7mra2hFN5rinE+suRnv8uI+CP0zsWT8nXwrxPj8w/5LX9Q/y4j4I/TOxPydfCvEfmH/ACWv6h/lxHwR+mdifk6+FeI/MP8Aktf1D/LiPgj9M7E/J18K8R+Yf8lr+of5cR8EfpnYn5OvhXiPzD/ktf1D/LiPgj9M7E/J18K8R+Yf8lr+of5cR8EfpnYn5OvhXiPzD/ktf1D/AC4j4I/TOxPydfCvEfmH/Ja/qH+XEfBH6Z2J+Tr4V4j8w/5LX9RTe/4c8F221vI1CP8AtkdpEE/J18K8ft5hbQqvftPg3PIj2edxBqSYREkIheGOr2YxtJ7Vp6XZm7g8cKRDlxXO82LGu71d6rpWl9yfqjfUiae9zUuGW2DJ4RBEMEjNkNVWhaGk1JqVF/DrznrfTE2rGsze7uXTr1nmQlSHcwxuH/pjf7FdfjVfArT0my9+fdblTdOf35uYwNqxrcYulyyan08W5i6XDsp3Iy1OcnO9j/uxJDNYqObrWCxsF2tLZasVnFPCKr9fI2PzBqxaW9FISmmH6eUydS7m+5IWS4/059ivBV52TsN2dybCvyVM8I+S4sgtc1+Zm08aOvqiU8f4mkd5UB3LsU5dtb3MQyya2dF2fT9l0nZmyd2zZe5F2HaX8vSq+ta7Lda1xTfXKc8KRczqCjFEN5l3B1CEBZD7aKtN1lt1TUt2KRnNMav70yvhkLptOnjFKJOcfNx0eR0HMUm3tJ8CEKhV1d1lisOr2d2zHD1xzjhzI3SuX6nLlh+mOdWyYggCAIAgCAIAgCAIAgCAIAgCAIAgCAIAgCAICI6ae2gOSqZ2vtDXegLihlrnQz3oDrShljvSz3hASqgCAIAgCAIAgCAIAgCAIAgCAIAgCAIAgCAEgWrxtKmOS9U60BRfPGQ6emNjts2WQZOWC8bo5pRxMV5Q2eq9c15nLm6JOzUnL+DcIYV+no/iEVVNpafc3nOeC7RyVyWOd0xquj3t1RfWnG6cb8vC44apzTB85lIYD6AafMswJN7YujZtrKoe0Nf3W1vcHOXBYdZLFq2rTZmHxwmMOCXyxwzNFJYzOZdYw4RagLbQSK7MhrhGutRL1qzpKWph+lxfDIz2tG7EqM3RePqnE6XorQub5xDBbk+FEAxqMY/0nR0WL43dDbdbM9uN9KPv2Na1pdJYpLXrLrf9ifqPbn0yMYvGSQVQvZGc+wFsWNHqywouWHR0S5I1rem0kv3r+fnP0iVBOUxUJo2wwMKRmIZtiz0wBYj5yrcsWdWsqI8qXZJcaVvvNW3pNL8SrjE/R/I2PgbRr4Q/2f8AbX1/43qDH7TS/H4fccDaNfCH+z/tp/43qB7TS/H4fccDaNfCH+z/ALaf+N6ge00vx+H3HA2jXwh/s/7af+N6ge00vx+H3HA2jXwh/s/7af8AjeoHtNL8fh9xwNo18If7P+2n/jeoHtNL8fh9xwNo18If7P8Atp/43qB7TS/H4fc+Gh1GgCd5mr/0D/8Amn/jeoHtNLhb8H9Sze0coo6jhSSz9zuH/wAfnTUjerK/5Hs6f4vXf1mYeXTZQxiTvgZLE4B9p3cRkdx81r4tW9USc19R6g+09PP8SfRv634fJnN9NZBRcY7FScj1iOWwdHsXWXnJBRWsLQWrlC4XY8O6X6SOhemUS6Spo+9/J4Kc6nJtLJumYvyyw5taIhhA3GqpiuHcMyhtLq9m1bUK9z6u43UvnhJaPSW1ZvpELpi3+jyZGEsonIZUWiw4jEG2FekAdEetbmg2fZtfyTP2V9OD74i1rLWPi0vPyRr7vcycP5a4eMyaoPIxwRkJthl6IHOpzVtj2G7L3FhOK+SiFwwZgt660nX9I5Tjje1XM6WoJufyST4nCkwBAFw6hVDNHaFbtn7M0dmPcWE0p5OvykhtY1q1an3quX+uC8LrqnYVEaMTa4ktcngQyyBZcRZybL7rbwrnqeq6KzYrZV03JOacOVSB0+mtO1fj+sw7/KtxvLua5G6hgO4QsrGxSC0Vizco7fSTWdu0+HL19y9YdssCDIgF9pJXeuZ83ntegIAgCAIAgCAIAgCAIAgCAIAgCAIAgCAIAgCAiOmntoDkqmdr7Q13oC4oZa50M96A60oZY70s94QEqoAgCAIAgCAIAgCAIAgCAIAgCAIAgCAIAgKDbUCSbqgPPX/CxtwqfzVbxSw+ir2mT1KXBYSp7By+rsdPMwEGDpiY+bljtOlrk643O98r8OB9qzc8JUNqr5LBcb1fccT7rM54kymDUIYcK4C+sZc1kK6lQdt6xuO31npPqHlNSx6ho5j6VTuwvvfjNT80d0ukwdS92zjLZU7Brha9ZFldkO6tck2vtDdtxvO/PDwxryVFUuOpau3Zuj3XfwTxcOkzdfwJ13JJfvwyeBwgcA2xFeDnFQzaFpaDX96m943RxfPK5dvjWNCrLdI7vGsO++aJ44M/TjctmYypw7awYnF4VlVTMbIdWhTGh1iZxlLmldg1SPtKIPWFD5tfP7PEnySTSXMCWaxC6EOgC7thbaslrWomsdedJc/Loa27vYTHL5myyV4HAhGF0I2Qtz93UsFrX3Z/mV8Va/T10X17KclxSXk6cKzyxLvfg94axXz+Yv4l/UvqPYr4v7bP0G/B7w1in5i/iX9S+o9ivi/ts/Qb8HvDWKfmL+Jf1L6j2K+L+2z9Bvwe8NYp+Yv4l/UvqPYr4v7bP0G/B7w1in5i/iX9S+o9ivi/ts/Qb8HvDWKfmL+Jf1L6j2K+L+2z9Bvwe8NYp+Yv4l/UvqPYr4v7bP0KT6XBl02cIVMk2n7p+Yv4l0tJ+THsVn/bZIopDSUyYt+lhCN5H8WX54XLX0m1Il7zpS/pndP6YmxY1eb1Hgsnd8pfZpwZSDdCDots4+BOEKmoRv8AOnKtS1tf3kt/GaOl2D4UffibNnVJ/lryy7eKXMhCfqa74LZxsYx9qIv6+jLet/Qa37WKq7G+f188j79hu0hxOGfH0oIdnGeN9Sx3FuMXhhXeQT1Z7j0xmNX0PtGnepXm8bvOL+S17tl8FHHLD6EgUdmrfwd8mOFC6NRNpIFlwH3ttOpajvQoyUK9+dMfSiM0+m3ZU3Y1op+dJqTlMG57vhhh5iIkAGOCDkF2c571bdT2ZSd25JxxuWE3ZZ3kRptaiU38248Iv6NErTTRDemDF0RCAs6gBcK4wKmdFqm7FI8Go9XxXHNaOk0+9jE5uKd54UhYokqbpNvZ1gwhUBZDJVDzDNfJ6Kzu3XR65LLB9DUt2pd8/N+sTIrKfAQBAEAQBAEAQBAEAQBAEAQBAEAQBAEAQBAEAQBARHTT20ByVTO19oa70BcUMtc6Ge9AdaUMsd6We8ICVUAQBAEAQBAEAQBAEAQBAEAQBAEAQBAEB8aMATkBPUF47nyzjxw5g0ydp73nhcuEAb4ZRZbnqhZoWlptPuTWv0XPmqrB1rTZsaOaRObi/wCWXK/MjCeafmTMPWMfCLLbPrZQRCo311X2ZhFafaG4rS3v5WonhHz7m3o9Wlp1flRu90yainzOUqfzp+rl9FrDw8I56454WmF8MsYhUDbGse136zKcX+c1p5Zlg1PR+zSmimbn0meb7U4cV0yoEJ1lrpvEYY3y7ajgiwPAbxmtzWZeXbV1f2ttuJ96bnnjHXOmTLVqun3LL5fdUo3FaxPI6W3IqDmRb19DCGBHk5IZoizNflq0tDodxrO7KtI6LCtMrzBrGmdqe9c8F6w4Xfp7uWSfeUnAhCDosjL6tcb/ADdCKlNHpNxRcksVhW/7dSF01Xnffdh6jHHEl1t8TVGGYW9V3SekL5t6abnPHpwu6TW9oxJPnwSoun1nhBaNNRrNQ7lp27bzrPRcvXOpls2YvvfrrxPMRlHWFj37WfgvofYiMo6wm/az8F9AIjKOsJv2s/BfQCIyjrCb9rPwX0AiMo6wm/az8F9AeWmgGSQRUI2hN94unRePrmgYGVzsHERExFteTtr81LHa0rU1dL8FCvu+nkepS/s35GpzjS7FOngxwBwTfnvrvqWN6ZzDfO9rk6+uB9qxdPb5Uz8OOED0qpQX2N9LVXfHrrgfOgeqx7TrfzvnBdnkjYsWYSvlclRJqnfgrjnOkE6Y9+BhQBaN8Y29ELrb8yzaPZz0luy92a5Z0dHV19XGdW3ZstTSM+2FYwT+iMQ6mwS0AYGFEV1Wxtuy57KsytWz9l/wvdhUV3lfjwXK9mnpdPEuYjGf07XLOhmpDQHfL509xMSy0Go4NlRFdV4y3xV31DZcJPdpfXO/CvHpfJG6bW83N/guneKXOVBPVFKJ70Dr0UAIR5Nll0LYWRhXlFlt1PU/ZxTLC/Ocb6ZY84fT6feT+ffwxyrVydI0dk29pPgwhyQLIWQu82Kz6tZ3bMcPnPWs8ORD6Vy5zc+n587jY1tGIIAgCAIAgCAIAgCAIAgCAIAgCAIAgCAIAgCAIAgCAICI6ae2gOSqZ2vtDXegLihlrnQz3oDrShljvSz3hASqgCAIAgCAIAgCAIAgCAIAgCAIAgCAIAgKbxoB28rAIYaP9pNi+W1uvGjur5HqvXNHOlO543tj+XUzhRrs7oXwsECYlVzaGn3HacxfwuyryzwriSmraN2ksJq3wn1fkcaU2p03JnzTIekYT1lmGFC1oDR/CpWv6+rMrfpc6won9Sf1bVpVEs7qLte3jhBhJunQTrg4TUcKEY9GQH+B1VrWNbs6TFQ+2PXipupdBvLROxRKnblll5kgzVQuTTi27aaDLRwg16pMIENVmFdigtYs6PSJveT8suFH040uzLS2rFyd3nOTpL+uFegaJUUk8ixUAwCIeyagL4HJfnuUXpfZ2Kq0nE3vrhSJTvd9UfNq3adIcrgnHKL7n16o6Zouy6kjtlkNCpiF49myyu667qjtJrOjsT7yWcc8lSPUUMLsNu6uDvX0Nw30799nqKwvW9E77fgPZ2qX9GkuyPJlDs2vB27F8/tWi+JeP+J6rDVy8V41PmPde+O3Yn7VoviXj/ie7lrLxX1GPde+O3Yn7VoviXj/AIjctZeK+ox7r3x27E/atF8S7v6DdtZeQx7r3x27F7+06L4rP9X2PIeT7M+b4cD/AJGe3Yvfb2M13+wh5Psyg/lknZdPDjWamTl2I9NZaeHfPl6vPCH6ST+4cYyD4CEbDbkryXVZNC1bekzrwThY1rScDY0ejbnD7TfXj0SUnP1I6au2Gm2GZQLxU1C+H2tWq9Ja31M/xUT78104czcs6KjpWPlSaX+syJJ2pQH+FB4SDG+I8R9qlYtQ0e/u9MsIpXO/mj4tKHm45dP0bRHkpl7x/K3RraBe1wrEK88bYDprVy1HUrNrdnu1ngpT+afE1bdtpN4xw8XFyyiLsak10RkjiUYrGNMgmFoibgYQyZLTUMqumoajok1MRSZVM8qLLzIbWNK+03fLxoq92dO0Yo9NTbgNtv3QIZBrBtstIGU2faKump6poVZ/isqieM4Oce+JBafTaTeiHxdOkVinetTfZNN01yeGC/dVZPOhSVjRaKxdas3JY4RfTn5Ria1q3btXpvm11+1/yM24lUhcs4LL9jr8+ezPZtWLP81m70lw8+EVxNWm7vIr/qMj59jrX37Sx8SPNy1l4r6j9QkZsfsHpT2lj4kNy1l4r6lRmWSZqx6zd22WR7U37Oc8uHOBu2q0uKgfOjY2yV7v2c4PIeTPeGwbGgeteyniqnh6XoCAIAgCAIAgCAIAgCAIAgCAIAgCAIAgCAICI6ae2gOSqZ2vtDXegLihlrnQz3oDrShljvSz3hASqgCAIAgCAIAgCAIAgCAIAgCAIAgCAICk21aIwAtz+bIL4bit7c7qwSWPzb8gWUoewcvbvRt6fVa6h5isdq04dZo80rslHrBH3Zs1V7adclwmsu6i7nGO6tO2IMp5cIYfQBGHTliexUXbOsbm/WL+eN9XyrjK4lh1HRzu4zFOVyyraawVKH5rbptLsTLAyXsIyl0PWha8Zzxsv0rlO19pKxaa3orWtL2n9lThcXDUtWldJmuTl5Kb4eCWJIe5xPG/S4OFGODCsGNQ6M8Mqrtrak/zqJup4PK/J50aM2k0ETTvw8MHSj6neu57Nu+nTLUIwYwiSMxIsziJOTSte3tCU3vc/r6WEtzfo6SxD6q5O9OVhyXHCSZZLJDJoQGCBfn6dHVkNsLre0oT96std7sePq4+rGjl/LrfF7nLjU2KTToJMIYVcIWw05OrKq1rO1of8WPPPJ5v1U2bOrSruN3aaN5+VC6/X/3f3eK1PzhfEvE9/ZeHh/6j9f8A3f3eKfnC+JeI/ZeHh/6j9f8A3f3eKfnC+JeI/ZeHh/6j9f8A3f3eKfnC+JeI/ZeHh/6noT6Ta1D+o7Ydq+ltaf5k+T/U9eqPJLorXlBU/XRD17soPdXH7r7s7Vbf8VeDX1l9g9VUOnez3wyMZKKRYMfSZBaMv8joW/oto7zq+s3Z/LCswYrWrpfpSq8FN1KYGvThSvBcPfSw5BtNmb7XVxipPRa1MY+Duz+fCiMT0UNUd65Prxv+hzTTmnOLxwx0IYVeFbbkI821W7Fm3PGWuCXzngzPo9Hyupf0v4rKkZnIlK90csytl2JRa8PJwo5YROeFedZtHY3rdlw771P3+cLkbdmx7reEN4Vp9sqlObqUmW4MXkYkVRjaBoGWywq27O0S91Uwo1FKYrkjT0ySVa45OIc9OVDf5s/1BYbtwSDGHbf1+CvWz9HCTiIUtXrz8CK01rDp9fl6lEtTFOJkuL5UIQt0+ctddqsWr6Tcj1l6cwqUo0yN0i3k+bfnzqS/NNM97u8EPYcmHrCFRzmEct+i+a0OuKyomaZucOvWnK40Ler716lX9+bUT2Mvw7PPf3MbVm/blx8TH+yr4V4f5Dh2ee/uY2p+3Lj4j9lXwrw/yHDs89/cxtT9uXHxH7KvhXh/ke3dOyW2Rj7T7zPVUYr1a9XFcW3T1+lR+yqvurovuzbJvpYXuDB5EGyDV9wtNlWfqC2tHre9c+ji75drlkYLeg8++dVmuGbzN4kE9Y0A4YsFcfN/mtb+j06tRXKjy63esaGrasNSoccfWXI2eTS3DhXn67NOTNDpGxZtp0ufnN/qamN2U59QlgsljzvlUNgcNYbMdGiK2LDV2MeCz70yRiahx6+3JlZfZ4EAQBAEAQBAEAQBAEAQBAEAQBAEAQBAEBEdNPbQHJVM7X2hrvQFxQy1zoZ70B1pQyx3pZ7wgJVQBAEAQBAEAQBAEAQBAEAQBAEAQBACYAnIIo7mDXZfOrEmwokVGvrPQfJgtXSaRWVXBQrvrKz63xdmsWJjPtHqa8Yjjpc50ycOHb5klithsW11skCw2ZK4LR0uu2bNm1dc6+dG+hsWNXtOFh8ljWK9LzivdTnP9R3yXTVbWHDBaFUYkZ1zrbmsb/tIefje6O+PDFssmoaPdjhya4xlDdOUw2fnFuj0Vl0vlrLbt4+hvl01AEXPWSeirq0Lj22rGktttWnfN7webvdLp4lz1LSWLNlJpTDVcqqnyuVM5Jo3KZhlMhEmL1p4YFg8rQMw7+nLT9Pp3oXW06X14xj67o2NIrNuYjplhdNaepP0m3MpycyKTMh4yySHTUcKFpYzwuvj1hQ+n23Z0SadpUlVfD1ff4GjpNUdt0lV+/1iJrHBEgyykTisM4AthC2PXl7YRVb1z8QWXve+qPOkq/GX4fTY0WpWr2nlLjCqm65YqHhlGqyukbIiQ0BZYc9fcqtre21ab95X9MMX0+mJIaPVIhtZ453Q6c5vqWPCX5natL84XxWe9n6Gb9mWT/qQ4S/M7U/OF8VnvZ+g/Zlk/wCpDhL8ztT84XxWe9n6D9mWT/qR9FJIkDGdq9W2a0dnuvkpH7MnTdb6p+Bfup5LyEG69MeiurzoK3NFtLfj3uN8Tdyv8LjC9WSd3SFPO6uVO+WSYljbbJg2RVcbRfmrEfMYSWh1m1bdmLTvUVb+vHHC4w2tElNOFMGuE9ZXFYmMlbb5oGDxquu3J/BzdxsOpW7dppbzuX6Lg1TxNPSKyovmJ4S4r4ri34anOTqUPHL4B42IstQgf50w0EVlWjVLFq1ClxE3rxpl2jBVNS20ngqxK+fbFLtV8x05o9L5UH2C+fgEtWGI7rO9T2g1e02nV9F09cJvTR9WdIrOChUbmirX75y8zkik257O7+Xu2g/lIg+BqvthCDJF/TGpTWram5WPOmOOecq6Opm/aLKsu6GlWXg8OvE3yitA5xcl1hvH5hAVnQa6oxJ7OlWvUtBubuN1GvLkk4xI7WNMnPH1EYUf6Kp0bR6i7905g1hk4IhEeFlWW2F9tu1R7ll06KnmQ+ntS3Vzz5z2VOcGziYJSz6uGNBW4tK1cvH7GsVP0eWsip49AzNbF6tPaWLWblfS7wCSbSd3T5lq9kkrdxi+ej+omGXzDNavHrVr4vGfJH2rFhr+FLlxrFeEN0Ma9blToEl+9qvLUBb56r18PXWv5nHfyg99lZy8F9DBSqfn0mjhP2xCNZaN0cpybbFje0I/mb8r6euiMi0Cd1hfPnj49jDO6dF3KnTsvzymoVt7T9q8y8s7Slr3sc+p9PVaP3br4Sc5TXHleTZRWkDUsxcHscKBqOjPYbIWC3Mp3VNa34h1zwa48cXdcuZHafQqynTCVN+a6UxnqjoujjD1+6DeE0YAVRzwth/NsFZNWTtw03g58/vSqWJEaZxS69Zx41ujBYklSBy2zgxJ2ZctmiGVSejsw0k3Cv4csp5/M1fXq43OSAhiuOjz421Lbscr1R8sDBao8+OPXjhhyLpZDwIAgCAIAgCAIAgCAIAgCAIAgCAIAgCAICI6ae2gOSqZ2vtDXegLihlrnQz3oDrShljvSz3hASqgCAIAgCAIAgCAIAgCAIAgCAIAgCA8t1MNnIy13FeOifJnqq1zIOpjPG9S95cIYVca+/75jaoLXdMrM5XXtJucefiSGg0e9hM0jKH8vGYOVqXU7EmaaZx0ItQ9YxrMK46a80bYCFS13X9yferN858MMnXDvN6DVZSpxurSvy4eEKMJVOf6tHlA4Yqrjbm7R3iMFT9e1laSa+NM1ffm5w5ErotE7EXJZZRd5/o78G+oKzOjYeYsNHCDUIRsOFfngqftDRK2rbpc3ffC4N/PN4TIaLTOzF96ub5cfHO+pt8z0XZmwMciBZgTVCyuGgbFyjb2l9i7dYq60w450wo+RNau3pO64YVnn2yzJQmqdzN7GCGyIMmN1ZEO6rINC4vt3btrQWrS3nVxe81hyed+eE9q+qK3hWOV1acpuXnE1ZTSgkHlm+/o2VHILyqZp/xC7U++3V8qN49ad5JCxqEfy8Z7Z3zwfC4wT+kpJHpNNdUa7+nKofTbbl/xT3c9F+lKTSNmxqeELPPhz8S34S/M7Vr/AJ0s3/S/qff7GvhX9LHCX5nan50s3/S/qP2NfCv6WOEvzO1PzpZv+l/Ufsa+Ff0s9M0ki0yMZeL869s7a95Vd+TXzPHqah0XZ/OhuU1TxjMCLXbDsqty391q2ftHfVlb1JrnNzvdfVcCO0+rxPjPbi1F+UTxJGm2Uh4wOUKxly5K4X19livGztOre771/HjFaRnx40IjTWGs1g+U/OvWlDJEMtgViJqhGPRpBV62fD3a2VRYpV4+GdzVKMitMmpp6S8r08qFJqRMvGGmaqxlF8NGmGUGrLeNQ0dm0lWzWP5rLvvirfn2IvS2odzxfnzji3P11mW0Qdy0NRZYMTeQLT5OyAVt1PV7LibVl5KVN3Bvp0mqRq2tK1g1F8KeN/04yajKdyh1KXgbLpgwMQTg2V2E22iuu+21WjVdVsNTvWcYrZb5VzwzdWYLWsWqx2qo9Tzm+qMrIdzN1JiIO2Kq4cnR9429SldHorNnGx1tJOe8xSkzOJr29M2qz2ayuujlwvNuktEXbhgM4LAqrsIy2G/uUho9JZs/zLhVRlcv0pwNa023SnPx55YUjKC74MO/dY6mdqze3s/FZ8T5rmuz+p5e0YYZdtnBZEGSfVA7Yrx6dNOHZuwn63Ziua7fc0SdpmYdYVTIhE1kQqy5Dkj2LR0unhxvJxk1x9UUyuRnsKiia539lhe4rniRfPknZcu3pBZBAN4jHZpGhaGl1yKTw493d3cwbWjsNqHcnf6x8kc70sndqTY2BaqJjCuo6B9znUfb152ZjCuN3KsfLkb+j0Kdy6Pjw6Vl04wc/SumL5ieJM7BemL0iplo111mqNcPMFrWNoP2tlJ2r8nly+RtrVluWrohpZ/LiqR9ewdyuenkr3tHDicCEWSMhzZ+usq87J1h29yW8KRnfgr7/MgNd0asu1EU54RPyyXifojQGTY+QYRFeAya7YxF3nSuk7Ps72jmsQk/1rX0mVTWKWu/KjZJ7iSYEKrOvwyd0YkGVVmLlT5vvL4VfY1XaS6+rsVk1R5q8y7pnBZ6vHouGhZrKhR6+2bwl0MJVX0AgCAIAgCAIAgCAIAgCAIAgCAIAgCAIAgIjpp7aA5Kpna+0Nd6AuKGWudDPegOtKGWO9LPeEBKqAIAgCAIAgCAIAgCAIAgCAIAgCA8NNEGA6SvG723CXp+NKVlcQWj97B09MSfRt3wHqno7IL4tOlUlRtSpd3C7m3ge2b1zXmcibqE9b2EoOFCGGayLa4aMtWRUra+sbm9XO5xfywXGfBlg1LRTuqlUuX6zfmngfnLukU1xMpaGOh6Zgevfhis12V+AXLtr7T3HaW9FXe/One6ORcNS1TeScTS+66O3B1mFUy9DKQ79xJw8INYPtRj9/taqnp9ruvv+NH+vguEm49VhRDu+swnHz6nWVEJDvx0GgzGLDRjWfZjk22xIUHrW1/dt+9XdcVvcP68MjE9BDSaxTzhLnhfD/Qy8vkGJiMGEKyah57MpC5B+JNpu17Rb3xO/FuOyvxhUJ7UtDRUi7tzl0xdaTNxpUulGJaarv77shjpXAvxFru9bfvT72NVepyS9VqW7U9E4UJui/WPHg1FMcG9lYPtR6YnJCqq7Nk00+3rM45vtF8/eCRWj540V/29VMe8fk115vAWdPZYtS3pZx+feqqo4eZlViFdGSSlvp5tlLHHP1BfG/63f/Ybv/2/p+4xxz9QTf8AW7/7Dd/+39P3GOOfqCb/AK3f/Ybv/wBv6fuemXxwmTXUQawLl7Z0kWk5iHgof/8Aph2ZTv6qOkzjhxNsm6csUGYNdtkNFsL4X2kKwalr+5uveiIuxx9X4GjpdArXqj5ZO/6xfu8hpFi2Ry7rIwyacoVt1Lbfs1/HlNaJ9XTO+t0RBG6XUt7Dr5w6eFIMozSkCAxvQTZlEfNfSDadU/FDsR/qXR/NNUlcv1xNDSbObl7r7YTdn26ldmlWR9A5MLzVXmirPqn4z3I/1fHjzxujhfiaWk2WrT/hfOMeDK7NKzzgMIQMbxnBFvYp/V/x3ux/r4pL3rv0XGs0qatvZEull3XxPf0iuzS41APSInLHrzdehTmr/wDyHupL2/TefyaU3ZZ5o17Wxc7E4xC8E15F+6pThf8ALWe49QuipPR//IO9EafFv+LpMTPOvdX69rYySndubcRllM1xeKrfQyTmkWEf92ETl8m/oz2KQ0X473mv9ZOq/mz9NpmC1slpN7s0yufCacMOKuZl3E8lsg4TJ6a6we2NVnQrDqn4sWlS/wBVOf8Ad9X9YU34aOk2e7KaVnLBp34P7F89nEb3etE+wb4gVjxz9Csmr7b9rZlW6QqzONL/AFzdVo29Wi0krLmcuEzMdfuyDaWUh3uXvpIW315YiurNcbwstraO8v476zf65z5maxoEoUU5Rlhi/A5spHTUmUYnHeu0Rbp6fMTUvhazv2omZzm/lx9RebdnQKG4qsL+XDPzwNcEg/W68HDw77bfNVnfGT0Gre2ia5famFz48jHa0i0dfS8/0nAvZv3HBOEscSjescFsNRwMoywrttvtU3quxFatWbW5c27u2GF96i6ks1tJr7s2XFqKcuLpxU4dTqmgO5v+m4j/AE+Dg4NWBAVZSBk83K6bP2WtE7PuxdWI/WnOjIPWdb35rMuIm7NzLSfBY9TsyiU3bykeBg4PJZFYhZDMInqjertqej3LEQ8KLLBZJXVrGZX9Pb3nN9aTXm+PlNTcmWYVARN/m4LeSirpgksPq/Py1m5qy4AgAMi+lxvdX64KED6vQEAQBAEAQBAEAQBAEAQBAEAQBAEAQBAEBEdNPbQHJVM7X2hrvQFxQy1zoZ70B1pQyx3pZ7wgJVQBAEAQBAEAQBAEAQBAEAQBAEAsQGKlMtdOcLCMLTbdk83RvqWK1bSicPPxurc+tJPtWG1N3Tka3LqQyJ26fAtw9G2IkiA5Jq05b/tr29YsJWpcuHTNxfyyWHectjRWqQr8WvULNxjejhjdhncvxKt7t24dcY5YVC7R1Vrm239YnfSd2943ZYK+ng5tWzdHG7M1iO/pP9I/LLdUYnp/LPQkQ3y7JEGudZzi60di4pt3TaabW67rTi+qm7H7X3l82fZ0aSleqrLF9ZxglTcokk6gSYv7g7iYNXkZa+oWKjazrOnsSnar15VWdeHTDdt2NHWOMRi1n3rWt8SfpTuYydkSZnHCvEtiP9B0Wm+pV/WtftqzbTtUi1wwcz1hxh1Rq29Gm1CV/WkN5VrfVxXlmaQuXYw8WIW3ZYwsgLOxcu29rWl0jtub04jOvG6M/DCX1OxZUXrwr44JzCvdyd0IT65fYRwIWjRaBkPmFq43tr21u04+K7Ks0b84pcWnVHZV8S193y+t2KNZxMpN/wBu5lV16LTuuPH0p6m9vWcWu6X1Phk0oJie87F57HT+k15M93rHq0voUmnT1mMY1ZzHtgvh2NLZmXdipflaPZsvB53rHoUiSLSRpJCxWrduze77r/qfVmzZtZ05fQ+Yf7v7vFfPtbefi/qfW4s34fQYcPb/ALvFPa28/P6jcWb8PoVWZS2zY2OvvgRHzFZLOs27N3n9sqHy9Ene+N2WdalcTjKGbHgHnSsq17TWYh3cX48j4er2Hw5Lpmev1OU84z2/kstnamtWbrfi/qfP7Jo/SPonOUe+Ccx8Ssi2zriutvpaa+o/ZNFl4I9Cc5Vc2eglZ7O3NoRKtpJ5t/RmO1qmgTh2bskl80VGJwlpaEGjbbE7bVn0e3No7yS0jq8n3TR8PVdBH8Pj+t5sEkl0tODFs6LaomMevoy3Gd1Ta+1LTsxpL8fe4cY9Yo09Jq+gsyow4Y4LzxU8FJs0klcsqJaqECY2dPXZ4BWjUdf2pat2Hvym63wuzrh8s1H6XQ6uk1EPNc7mvDJXSkbDJ56Dn/dbgdIFdmXNlquXStj63r73JtZPGIuzvxnEgtZ0Wic0x4fKlavl45R5S2QsyR87aecsu4M8oRjEXdH8FdU2Vp9ZtWErTwSxhcHyfC7gQGsaKzvKLNfs/V+OEwc8U1nN/LC+MmbjHChf3fcC0lWfQLWbe7HBK9YP19MMaWjsuOfFUplW/ur8+Xp2mmkUqneTtOxF2X8TU0TCDUI5KzlIyDLO6pqmtW9JYdIlYPrzwva41u+rWl0Vmy80rvOngr6YJnT+5tRSWvRJ99sR9SPJNnfbl+4j0TZGoW/d37OCwdzy40hYFf13WLKbh3TXg/Xyrcd5UFoRNbUjw37jl4tkxgyLSBkJuqr7F03Z2oaFaObVhNpJYX0pdV+sUir6zrNveo75n6t5NXuOCyJVktG5uk8C7dQAqFQ7oeGa1TFnVdHZaSUO9q+FF74vLyNG1prTpM9eOFJ6mwyeTu3LIDAqyaD9/MVs2bKsylOU8KepzRhdpu8uYAWCC+oX3vfd1PAvQEAQBAEAQBAEAQBAEAQBAEAQBAEAQBAEAQER009tAclUztfaGu9AXFDLXOhnvQHWlDLHelnvCAlVAEAQBAEAQBAEAQBAEAQBAEAQHlqplo/tPcvHc+Tuv6AiOlM8b1xvKhCN99cM9tvaonWtMrE1ouK4Z5x16G9odHvPhhTp0UTnddQ5wpRTsSYvWcdC1mBay6SI/a2pVzW9f3Z96IT8c36urW6W0OrTFL8lfW+Kxgp/QgGkE7Gd8YcLCwic/rZKzZf5hR9p6x7XeSed/bnymtMid1bR7m70WGan9eHCsHz3QkTo9ZbxGF6RlqtmPtBq/wA9Na55tPQ+03sqt34ZZc7vnO6vp9y/r6pE59MKybQ6hokIdeigGcGsswieqA6uxc52pY9nvUi/N54407zRXkjY0ztQ5pfhxyiY8zqqibO8nQZsGKaZyV4JBrqjfGGkRqC53tPWdzeU3uL69ccefSTbsWVahzivHhepwxvL6c2sdhWnqvj2ZY15VRtftPSb10PnNerxivVEjovd8HgrndjmjQZwm4vGqxfGMDlAvVM17UlpG4sym58ac3V+PEldFpt1Z5Td5U5UjuYszSbgOkQ2qO/Lf9vgZ/2hY7vefmim3NUASWBfXAdeVePZtH7uDPpaxMJWlyl/UwEskWADV0i423WV6bVD61qns21GcZOaelScZw29FpcJheWHK67DBzLNUlYwCaoVwhCHmu7NoVe1mzuvq8PU/Y39G5fNfQssMZD2bVqmUYYyHs2oBhjIezagGGMh7NqAYYyHs2oD6GwSIRjdZdWgMi4YwjH+POwrb0Vjeibkly+8ZGC1e+b8zMSeTYRFWirzDzfEiU0Ggm1Z4tdazfj0XdQng0luE4fN+qJZvlfc9nkUkjCrJcK9A8jvV22XqG/u+7gu975Y060IjWNNCcv65/q56wjaGJJi5O8bgOSwTnhGHXExOwrouzNj7269zBXLtdF/yRB6fWa38PV3qkYKLqRT3vHGcsAsxrBsA6+gdq6Bs3ZrsbvuxcpjwXV+VFcR2k0rttr1X5eDiIiSEZ03SC6ljuT4+GMe4MA0DEQJgYaNMcq6BszVY3bMJ3KlIrnlR50k0dLZmW+LXJ8qVjn899o8+E+4uHLDcI3xjd1ZKoro2ytm7+61Zvq8fX3ITWNLuS5r35uvG/xzJ2o5uUfqWBKN74WDBqOATGOgQrie8XLouztgu1ZVrcpWsXcMlzXhBBafaESna8sHPBcL0ssSe6Obne8C7GIwcHBrwc0LYfe/NFW3VNl+yj3fDx87/mROm1veTrPCavCsryT8Cd5km7ebjAwIVAQuqgfIPTcrFq+j9nZiWs6S8spmLnfC7Relt7zvrPG7Dhj9jPhg31Dz0ebFtJRcr72/njPCi4mEq2L6VAEAQBAEAQBAEAQBAEAQBAEAQBAEAQBAEAQBAEBEdNPbQHJVM7X2hrvQFxQy1zoZ70B1pQyx3pZ7wgJVQBAEAQBAEAQBAEAQBAEAQBAEBRevAHbyFzDVdnsnzcvLVz5PyPVeua8zlDdNnvem+SWoYOFYYZc91QqynpqW1NY3N73vvHHjm8bneyb1PR70U75v9PHBM/O/dI3QRJnzwY+HpIetAesB2Rs8nnO09p7ja3rnnVKa5VbosozZatU1SYpNMZ+88O83xoM37pIbwfT5vWj0i+ORVPWNqTL3nPS53934MkrOptZdIp3+xvE3boIah6Zk2Vx642iKr+tbQlN7zdOGTWL+cV75rOrOkKmcLzrHanA3aQbpDLrB9OBCyuENNl9Rhb1hUTaul396uD9XV6J+RIaHQxHmsaNY+lF5uch3WWXYhvgAw94AWabBebO8812pq70jtRZxw50ya40vrEkporMYdIm+lHdhFOVYk9vt1tkn/wASzV++4Zo9tg6Ymu6TZ8zK50yr2Xeb+O3Ywic3TOKTwpT6QY1vdXZabZG+BWQKm9AyRvutyZdDSbNlfw45X0det8YGazN2db4uml3VxhHA2yaqYicCz6QHCAvjbC+NfbVnite1s6F/D9elPOgdt1wWEpXZz4fdSSRNzG/nZMMLkEiq2okZR05uvBb1KE/dVE5o1ise+J8rTQ05mHgvXh2Zr07yHADXJsjd58SqjtLV43qUrEys8Fd9Kknq+l3o6LJpN51qo4xF+Ci+dXZYaMAbdPnPXoqVD1+zFtc3S66lO/ChOaByk+D81ToYaByHqKjjYEDkPUUAgch6igAZJuPSEBWZdRz59gHnOvqzZdqi9eu/C+PG0ry4dyWJFV4zfc12ZxkKzWNA7TV+E8brqXfXOhjekhOkcX9M+5npJI4wiO/zp6rSVP6nqG/urdywuXywju7zT0un3ZinO+c+CXjfdE7JJ5GQwWoWCPd3REc+QCItOo7G3rVl7k1lO9cYmP0vvIzTa0knXDy/V5Re5mtN9O4kMeVg4N98eyN0BBdG2RsiNz3bomnKZ43q/wC0RrGm3pryx+defC5sw8pp+HTDbjHAYYwaznjCEboXQium7K2dG6nZpTDGnryIXT2plzLq681HXLuyPJ3a/W8IxLQbjXlJPmN8Y5F0DZ+yN6PdlvhWI69nQjren3U6xXBzNb+8Vr9I8b3KW5ynGTyje5aDL3DBwTeya+m7Kaqletnfh9vdtbl0TRxTz+eBo6XX91NTfTjFPtcdUbnW54ZBiPQEQwfZOUW1HLVm7Oj7J2V7NWfdiIwuis1um+O9Su63ratK1W+aeXOcXKiDuehM2iRyPAwAOQyAID9vZZHtOXo2z9D7PRxRUis0V9E+qj0q1rOk3rTbdzrFJeXCM8qG/ssAWgROYefPXJWbN1KKsu9vPgsl5mm7Tflfh8+OZcsiAGU2r7Xhhy9VXA8PS9AQBAEAQBAEAQBAEAQBAEAQBAEAQBAEAQBAEAQBARHTT20ByVTO19oa70BcUMtc6Ge9AdaUMsd6We8ICVUAQBAEAQBAEAQBAEAQBAEAQFNs2C63z5vQFpKGiy5ewH/G8r/pPbpqXlq58n5Htm9c15nA27hK5a6ZlmJcvGoBscmBsicvZDosXOdvW7a392zaardHBZqceXdlp2crL3ZaWEtv1jkfj7uzT1SB2/eh1IZW36YQwcE14do5Qjn78nF9u6xrSdpLR2/lxvd2HOFSC+bP0eiaU2rKpnF6dyi/nPUiaap9pKcCM3SwQIuZzfvq8lU7S6xrbb/0rd3BTTn0JX2WhX89mXSrhvupeKT7ZKTprnqkJDMZBKwYRujGGQNHuu6VH6XSa05T0WkiIcNdr+7PNzQr+ex5t5YN+fQzPCKkLEAJBK7LeSIxqJ9Y+ehQ+saLWbczobdcIU0wvr6bdxlsrRJTv2YXHhnSL7oyk+GltJWAYSGWVGyDNV1oeaFC6fZ2ntv/APDaWbcRxmvrwM1nSaJQt5Rz8f0hVLV5Taf2I4UklbJ/pz/vge9aNrZekrOjaWUR69QZ7Ok0cUtLq64fZwuxasU8ngPXQbcygReMAkke8P3V1WArFa2ZRzYurVR9zPZt2YanB5POcPOZOqNzekkslZk+MYbEcEVwNuDnMM98VH6bUbNmsJRdKp6445Urr6S3RxXlTOVlHpTKO9KBQlUmBeGHoWjXXYIm7xIyKK1jVrFmzbUpQnHPjj9KczTt6RyqTlXHis7rliqQeqQSZ2zhwIvsyZx9/JoG19FZW/Dz7vzwpWivJfVLbcUyXhMS+kqlXORCc+MBl4Ye9dZDxq7guX7Usxb4bzjyuwvu8Sz6q5s4Lhjg+H3hmvKINsID7A5D1FAfQw0YVW+bLV6k3cmDIuHBMOTovzbNMbYLd0OgtOKU5Xv1RT8jXtWlLbcLjgvU86mXcSWsEioXm7Rkv6rIqV1fVbdq1Ziw4m6Ps5488aM1tJpVDhx6fCLpVKvibBJXLlmGE2wALY3aMltVec5r3srZztbvuRdFM8Oax+RD6xp4ly246eroTx5mew5ExJnvp3QaxZgImIsgKh191YC6TsvY6ast2ZuvVOPywq1gQen1lze3Lvw+v1ru4kG0vnJ46xuIDTcMLBwb742jQOwiCv8As7ZEbsWHSLlSOuS5cTSt6dRV335485jDDNyc1zxSGev1Jw7dyWUtMtP8EtDBz28qoRAqvtttvezdl2psL2bc5RT16uNbSaWy7LbtJUlY4zdM16Tgjo3c8kMsnPe+PcPGcLAjhgW1W1nL05V1LYuyN7cmzEu5q/BYeGF/Areu6wrMpWrp8Z64Qonpedx0G3NJHLJMy9eh2GgwyRhMmMasjJEK785XVdl7F0Xs592VZTufn5ZUvdCqa3rtpWorV38ZimfavBEyzdQeRyLBwMXycgOQQB5ObP1KxaHZ+j0cRGSpfDynDF0XUjbes2rUy2m+/OZpyo1kbzIpExJXeCzULKvEWfdSGj0e5RRRRdPzUfc1rdve++feC+DIF3SVljN9Ll9ejbR8HpegIAgCAIAgCAIAgCAIAgCAIAgCAIAgCAIAgCAIAgCAiOmntoDkqmdr7Q13oC4oZa50M96A60oZY70s94QEqoAgCAIAgCAIAgCAIAgCAIAgPLTOEM9yAoPWCWG2SLWWhluPm5eO58meq9c0c6U+oX+rY70Iaw8IeqCKzDZDpshBVjaWo+3VpRn4z4Kv0JbVdY9nCmIv+vHin0rfxTTn/D9+qvG2hIi1hN4X+2a6wcleewd6om0Pw57Z2vcm7DjT1WtHS6xattX2ajewonPHP1jLSNNkf+G0OYf6AQHyx9hfdptUNa/Ccy1onPLh18nlebf5zP8AN265+ruMbXJP8PpdgASOFREA6zR93zmWC1+EZ/8A4nL/ANqnjgp8YrmPzj/e/D1j4d7lv/D9Yd45j6PwWC1+Dpb/ANLj/D4ZTddyrgW2L/e7z4Vp1hFu9/w/chtoSKBDLR/27YA5lrW/wXR/6KSVa2UsPVx9LbEOtuE2qT40bXdkO0p3Hd5Yz/SwhH2OyyOXNVbeq1r34WWi3o0cR/tiMccMiU1fae+172K5y6VjpfHjBz1PtDd5SlmDqEHrPs5GxXCrrFWWNZVL1/ZPsd6bMNZL16mZqTmr61vKJTpz63/OMMFM47ns3b3xHJhWz2Qthou71RNpaH2bdIicIzivyeBt77tJ4rtd9ZyfRnb1B3+Jk8IwOJIPSzZ02CFccqoW0tY3N6HfK/WWu/1PpWJh0dedzp84guZ6lOGG67SbxflPTkEbKwuf7T0+9vS757Kbr1e81HDGX1Wy1F2WFXSi9TLzIlncYTZrhXHtK59tFK03KutNfUsGrtpWms/kYTF5+zxUVuWcvF/U2N+1n4L6DF5+zxRWLLol4v6jftZ+X0LliTgwq++nOeiAtrWezofSovTWS+R47Tza5epfiy9dyPCIq83aM0DWVs6PVk2pV7VKz835Z1Mdq2rKfCePl3dZSMvJ5FZyezyc+iN4Vj1LUN/d92rzhcZv9POSP0+namvyxyqut04JtmYZkmC6aahWyyfJjC2/PXCtW7Udj7zstWZuwjyrTtHIidNrUT719PH1D8XBpU8TtvHD5eDgxjWLoDLlF+2HQdlbHjde7dCiIyTw5xesOJG6XT7zdb3Lp9ng8YkjKcKe4p8y5x0MNrBwcLTblrHXXGK6PsvZaW6t2Lqx55kbprczw+6S8auZ6mSkB/XCK8ZhDLG3xNvRGAXTNk7G3tz3FFMK864Y+pIfWNY3Zrwzfn6dFVG9zRuS/qb10/MmwsFoNxwCcuQV1nvC6Xsv8Pyk/ZpwpbiIuiiXSl+dGyF1jaO7K3ov58e1U68YZ0dQ/c5M34n0GDg4MYMkXDMKqj3RV61HZS0Ue6k1jFfVeeaoQWn1vex6zRt+LinKsQdRUZm7eUmwIYPJgRDOyYZu1XHU9F7OxG6phX0uz8JV2GBCae27Vp2lnE9H48V0NtZYNgFWX7xW6kk5dbWSw4JYLi/maxWAgAMi9XnV+uCoD6vQEAQBAEAQBAEAQBAEAQBAEAQBAEAQBAEAQBAEAQBAEBEdNPbQHJVM7X2hrvQFxQy1zoZ70B1pQyx3pZ7wgJVQBAEAQBAEAQBAEAQBAEAQBAEAQFu3JJM9/wBxyw1pHivl2LLvspn1vWs36/X1CLNuZZqeevIXDWlk7Vjer6F36Oy+h77S38TPAmGZxZN8n1TtXn7Nq/8A+qx2Pfa6T47Xc9iZJpFkhcD+k7U/ZtX/AP1WOw9rpPjtdyi3Ns0sWyGTjSyei/asdrV9WlzobDrk1zxh+HW8K3pHdafr1jk8SwlEmmZl08/0EmiXbdrJjHBML8qx29Dqys2v9Kwluulcpzjwi4yK1pZ//JahRHHhByrujTfNzzH4uSumamoQBvJytXx0W5K+ebc0egW/GjsLG5qJyV2Ex6Vi1G1blTabuT6dKuj43cDhOncxO2pUCw6ZEHzNgsGEDfdmzLjm3LOj96LKx68e6rEZ4lv1K3ahS3MXvtH1pXuZWis3Fxi4MwIgckMn2J661xrb1uyt+7FqnWsY549JJ/QOY5Qp6PP0kdFUceF06NoAdwyQqv8AOgLjO29Yi1aSbUOOz69et1zltBo5imS5cbnOM0rBUnF6W8Osmo5I1io5chVE1zS729DuTjj8/pSMCV0VmLnd43vwj5Gjy5gtNA2mP3Me8HMqzrNmbTvde2HyyjwZJ6Jx3u6Y+ODLEOWjbAeb7Fq+zl0fh+hm364dm/NryPYkzZIH2h31L1aFt49o85nsePSRyxpHar8u5kXEkNRhZ5t6Krrb61IaHVLVqKOuPP73872Ybem6UhPJUmFVt5+cUMo7cBgRIsFdVubKIwv6ia1L6vs12nZhN1VIwv638Ywg1besWa1XD7YdZnC6j+tTi5k3rMswGU1RGeNt/khXjZmynNmVMxdMvhdMERrGnmYy9Z0Wd7uuRaP6WyN06eOyHcWmSyIkivWrhA1Q6Lh0TZmyZdn/AE4nHd9Rd8yF09tttzdfwvntK63uW04kpI+bnPGYhppnCiRg1mJvGYRqzmAsC6FszYs7r3Y5LlWr+xoW9Ole20qfL51xrWCFJdQWeZdOUneO38pDIfAwZDJiK42s5xE2wsqrXRNl7AtN2WrLcNYfbt6Rp6XXbCs2k4dK15Vn1fcdTbmtBpXJ97h/htwLEcMaLOTXphptiuobG2TuOxNiYiZXzzdM2kVvXNbmYapPOsqfCmfWvftAaPyNxJIPZK7aaDsCJZsMRHRGFXXmXUdmapo7FiNyy3C55eH1uV1W1rS2m/4oUvPnHavFwSg6m6SO62ZO7ZyAA9sSpmzorCorK4tKiWCXqmCvNB27TxfN3/bp3Mk6dssM8lkMxuGTyIrKrNmsJRdndl5dD5bbvKq+jwIAgCAIAgCAIAgCAIAgCAIAgCAIAgCAIAgCAIAgCAIAgCAiOmntoDkqmdr7Q13oC4oZa50M96A60oZY70s94QEqoAgCAIAgCAIAgCAIAgCAIAgCAIAgCAID4bDoKA1yXyjAwq4WxrG37RtgtW3aietXNyxx7TleZrKhXrmrufy6Te2aTOM6FhlsFuHJbqiI1gwvy9nSo/S6ZxaUr+G1jdhXOKLwiptaPR1Tvuq6Ll1m5kC0rfb4xlYIMdPYevJ0V8825pp365+suPfBk7qlmI8aX4Y8+XOTmmk81B+9iGY+kBJhGxrLoHmsLkO3LdLda1S63X3/ACks+qWojG7zmYmLomO5Tmubi5wYMwhDvuh/GapcT/EOkh6SM3jGD9O+7iWPVapUxWOChUjF05VRIU3t4pgiI9WFub+I6IVrhm3tYi1arD3sl49po45Fh1axKuwx79KzXDwPsoeYURbCNd5Jq6lT9LpG/GcYX1w6XXEhZs7s8E55tR05YGCfO8MwrtF1hsI01ebVHaWxvN0mr7Xp3/rJs2bW7jSJww+Vb+M1ufp1Jo2Dr0dPbEi+C9saHt2WEx6U1xFrScYm5LnfPzlJl+7kcYRGS6IFWnqhAHu2tHoJahfK55ZqOPK5GK1pKN+fq/hVTiX7uSQrhAdGgwzZxfdCoWPUtS3t33b6qnhC445qlxoaXTRLbjP6Ri/05VXjkMuXhqEGT5u0VBW/Udlbzs+63MOirSmXEjdJrN9/0o6Yz6pSCG6UzwZHjINQwQYVm41k9WkGMLlftl7JrZasRg3l0NG3pt7G+HNMuM3U4eDOe55p006lrp1jGotvQzach7arBXC3IujbL2T/AAe7NVWHR3uvjdPM1NLalOs34q9/rTqqzSZqEYU9YqotYeDG8kGEdg6jWuqbF2LO57l8Yed1fSpfXtc0+4nlW584cLhLVcuLOuaHblAnJ2w+MnwsEBo8kVHLYBfHvqMV1bZP4eTsJ+zw41u7+XkVjWtobrhWs8flHBTcpxznWZdzkTfgeggQR7IFQhbULvGxWzVtlLRQ92Eom6laRWjp6dSJ0mt7+PJ3T4u6ir2ZLU0zdvJ3ghkM1QvzeYdOVTeh0S0a3YpF12NL4efaOehpLe9jLblvDHL1iZoMC8xzefBbEO5QuVadkl4mI9r0BAEAQBAEAQBAEAQBAEAQBAEAQBAEAQBAEAQBAEAQBAEAQBARHTT20ByVTO19oa70BcUMtc6Ge9AdaUMsd6We8ICVUAQBAEAQBAEAQBAEAQBAEAQBAEAQBAEB5bMGWjkZJ7CvHc+TBENKJ33rjOVCGFXEDL0aMmQiKh9b027NXTn5fpWczf0Njer69N+RzvSWnGIbaZx0OUB615MKq/5NsRAqsa3r+4rXvO5pK+7N9aRlXjL6HV5imCb6Y1yxpmqmmmft/j18LCiLdtYtjVeuc7Z2ivf95Spxymt+Vyc8biX0GhahQ8cPp1zrLPBmjfvKwCQI14MSf46MsFynbOvSrfvVabvwupLpRdmTWr2Gowba60jLHu0pvqeDMmJ9mBAMKrIdnkxyLjm3tY3t6qrLo6Y33rCMM+Vh1TCXy6RS6+5X9DwZPioM2Zft45Ymwri227W9b/8A7eu110ZFk1bD18RSacxjCG3SDV29arrsp+vL7zkoNwotSWJFXdn01ZogLxaF2nMTWlL+8VpFzPN9KVMcId+apTg10KrEngRVWPN0ckYRAW/odUmJXh6vTefAw29K+Na0v6vnkXOBgME5BGOXwvEIiF8VL6ts+bVn3cfXivE1benvrf14c3TI1GdJ73qWuXDBjCBgdFvcLtCumzdlp7s2Zuw8sjQ0umlut08uHHpWuRHU5U8xTeKx0MI4IGFlMDEmrPVcL7Ff9mbIl2fddHWiXTCPXSP0tu987+rbj1hyMO0f1s++Gya7bftC6PZFdM2RsJPd9yXjwiHfzjPgRen1lWJU+TajDr2Vwk25OJ1lLl9vbCwW2W44EYdh6o3WZOobJ/Driy/Z3RVrOa1quHnBE6faMJy6NRffe8024uxeV501QLc3/TsRCT4ODg+xZXXCA0V2Z10TZmyfZbs2YumlzwzyuUzKZX9a11W5c34zMxwwv68Lzsuhs27yk+BghmDAFfR3QvshoV91HQ+zsXNUilXGPV4rjiV3WNIrTbvXOl9OaWEXrhJvrLMLKyVJJRVwkrlOObfl6nUbbqy4ZEAB1+exfSx4vwu8b+p4fV6AgCAIAgCAIAgCAIAgCAIAgCAIAgCAIAgCAIAgCAIAgCAIAgCAiOmntoDkqmdr7Q13oC4oZa50M96A60oZY70s94QEqoAgCAIAgCAIAgCAIAgCAIAgCAIAgCAIDw9MHTw5HbZ6mSvLVz5PyPVeuaOWN0ecW3BlAZagRhwrIy2wvz35BaqltPS7m/zc5eV/BeJNapZndvuTv6ffFKOUcF0/pVKHMqgHkBj3YFZsxgqqOQ9d653tPXd3elw6xWFdSl9KY4Yos2qaBNKVmpfqKVXeDPUPnxqVB1htxJhflNkMsI1kePMtr7Rrbm1m77mpWLw7EpZ0GS538r3l15VaOpKKuJPKXXK5s5DYzGNQvItqK5htfX03a969v75qHj8zb0ejaaonVdpurh054F7OUhcM4WCI214MPOzSVy/a2sq1vc3jPl863STOrKITpc/LzeVKyaJL3MGuSIZs99QiY9kFzLai37Tr/Mob543YZ8JZYdWe6q3pXdMe66Fiy6yjpI+3nuUdY0PDt8364My2rebmt03fTz8SsGGADGMLavCC2rGrNtUV6wnHjXvHAx2tIlc2nlTyq/FFq9lMmdRwmiIX6Ok19mepT+p6hacPdWDSjBZqn6roaWk0tb1jExT6v1wMVKp7kDDt4MYQ1gkCy2u8myBsHTG60alsu1adj3Vhh91SihzfR5GlpNK381NfJ04duEI0ql75/jd6mMcKFufvz5866FsrY1t7r3U7sKOY7OvS80tJp0omLuMK+9eEyc8zxJKSP5e5xLsFgvmSThNQhHRktO2vpeydh227D3MVKSu8MscOhp6XWbCVqXg74yymWsq5vi+ltzWjk5PxJzKnduDGpo1QH7eqOldX2LsazZ3N6xk7r6THqMVJXNd1pe9uuUu1c3XwpCrQ793P6Dze9kzLUpc8oMAxwWbahfptsuGRdY2TsvQWbE2lFMq4d3nPW+Sp63rdtuE5q/O/k8squ5ExSSi83SaGLYqF+COrPdbsVhsanorERZ96kTjES3kqc3UjrentO9zdMOnT7R5mySaSunDMGBAWZMnmq8LasWFZdMFHn1oo7mF2na+hdgAWCC+4X61jlN3Q+T6vQEAQBAEAQBAEAQBAEAQBAEAQBAEAQBAEAQBAEAQBAEAQBAEAQBARHTT20ByVTO19oa70BcUMtc6Ge9AdaUMsd6We8ICVUAQBAEAQBAEAQBAEAQBAEAQBAEAQBAEBTfVOXv8A+N5/7SvLX8Nrk/I9s3rmvM4t3WZXizKuVAcuomPZ0CqNSoG29Luu3LWPCYbnH9ckpLDqFmVZV8RxmmHN91DyR+Z26fPWLlgGHZKXf/ysjLZbcb1yHbWubrt1jOqV/lEYumRc9R0UpQsLsZSbrKzrhV8jc9zyd8PEcv3Pscu2/o5RtjaEO2nawvTxVcemRK2dDw+d+eCyO46CSovHAEf+M3xHqk9tWeuyyHLNr7Qq/exm+sO/01gzPZ0V0rri8aLDwpebVLYtYQy1154kqka7rW/NZie6ud3Hu3TEkdFZhzfF/Hh6+ZqMscRJqv8AHSTpN8Aqtra37S440zzuU1j6SSeicK+XnTFXq+/yuMQ2xg+bso89y+9BoHaii9cspd0TTOvlu3Mw+bu9cyzfvMFhs2BlkxzwETlqhdbCPRNavqcuzS9pXZ1yrhwTNa1pImKLPF8iJaRz9vXGcsswBvsrN1xyeYXTZuzXadn3a0weHfw8zVtaTjFLuE/RKnBpJkFzzTzFyll1jjFp4GSMK2JrsrqyeT0DZmxpdn3FhndT06qqvNTSWnDbyf6Jcp7VN0o21+tl3a2GoRqjGOXzosXU9jbBlWfc+HB8L7qL1kQWtad2U1WMfGszFc/GKk+Ub3J/1Qu3wkoasa9SoCNtmnQLYFdY2P8Ah2bFl+zrCcRlhnXDDIrmtbQ3aK1RzTq5VHm8+s1fQtGNzb9Pxf8Ap8HBIPqWw6onTmiKld9T2T7KHuJK6I6Q6dX5wyG0+ub0revvrPkqXvjGWPQdHps3k5wSxDkwqBHUBo82Cz6rofZqFRxzjx/R9yK01veeNbljFfDt5m0hg5gPORbipcm3i3Tu38k7jXKoEBDIvUo+fry4AL0BAEAQBAEAQBAEAQBAEAQBAEAQBAEAQBAEAQBAEAQBAEAQBAEAQBARHTT20ByVTO19oa70BcUMtc6Ge9AdaUMsd6We8ICVUAQBAEAQBAEAQBAEAQBAEAQBAEAQA1AnIgMbKJbiga/INx8VhtaSIwiVXHmliuy8/uzYmru+36eeU6/LaQMunT4YYrdtgRIvZPmu/qWvpNY3bNqXg+GDi7yryxMlnRy1Ccyq9e2PbE4x3VZdvvfMDGJarGQxurFda5xt7WJ37v5pwhrwTmF9aMsmoWIVmmFK3Qo6ui9X/m/ukzQ1KpWCA0f9S7JNfOM91cdMVxbbtuXbrEz8nL6TwLrqLhLOOHCvG7lxN63PZpac4moiGDb0AR7LY1Lke2bb99t4Ppf5L1JL2IaS5LOtP1fGcTuOgjJcuWY1HFmEbuT50Zb1yja+ke81WZ+nLPk3ejasWZhZLG/w4xOecm5yp9CP38229oyKuaSW5mb/AL+EdKqkxnVLqQa5K5SGQ0SRYTHr29uSzWeh37SUYqkVVfl3635bNuMYwyp9OPR5vRZyn3e2FEgWmEKvN8Y7TO6lqO8rMKblSK81gvTvZjt6TC7h3q+110xdeR9OdOQ6DTsvByuTcIRuGiPgKlb9R2PvOzFmja9dqZPNM1Ldujl1Xh24ZVu4Eczo2Z6woGJawqgTflyZhb9uk7H2FO492lKx6pXhdDNDS6xuy59esrud+hP9yt7OsrcvQ7eEB8w0a2veGeA/no6psj8PNqxNjK++EpUcblz7qK0+0N1WqqqeKn64QuGcHUO5vubtyASeLlqrAtBItrj0WxszLp+ydkey3FuRdRrr6V0TV1K7rmub6tJWpy4Xypl/rV3HetAZpYkcmDJdM/7YECyI2WerfbdfCqBXStm6FaKxEJUUSlGEueH6y2VfWtJvN3rGjmMIuvwWC8pOYdMM14DIzBkdsB57pdWVRJe7i4ieCxS+5ou03dK6sumGYCwV93mtfaisUw4UvfenRHye16AgCAIAgCAIAgCAIAgCAIAgCAIAgCAIAgCAIAgCAIAgCAIAgCAIAgCAICI6ae2gOSqZ2vtDXegLihlrnQz3oDrShljvSz3hASqgCAIAgCAIAgCAIAgCAIAgCAIAgCA+Neq1oPcvHc4yYI9nyXhzh8oC2qMOkRI6M+iuO1jSbtJiFn6xo+XE2rFmXZUOO/R39uxDM/UlYdB4C+ZsaHrWkiA896hNZ1pWVaU1h078qcLsr6b2i0TdyylpUXD635nO9K5wZluNg2GsItWHLX5jeud7a1lPf95Z3zi/V9OUtz+p6OIpNFXGesxlTkc1UmmXfb9kssYXpWDUIipsGNVVnTZauSba0s79V5zPGKOvi2WfVHupO+FF3ev6xfFTc6JzPiA7izD1bRbCBt86BfybbVv+Pr0rlOfK6OJMaJpxWic/PO7oup0pRnBcOhWBySLf2mFVf8LlO13a3rpW9PeMuM8ndDgkdFZnnhONzjk1lXsZSWSx0zGLxnOI29Hmq2BrUVYsW7X8rnCk+PW7CsUovpqPVfl5cjUpwnJwy7ejHMRwTCuuP38xvjt6HVbdu1Z9x1ammbjKclwa5GG1bvV1998cn6jIgOls9PGcbisJq2GD1W54q9bI2bbt7s2HheuWWHiYLWkUuqrTlFY5RCVVHaeaqQUinTfjpl3J5Q0GnzA5Iqrahlsjo6V1HZGxXa3P9PLDhFce3HiatvTWd1veVFE30uup64txPO53I5XOeIxzh6zhwjhMgWwvJ611vYewl7k2UojDy5XK7O4ruu6zCaT+ySd/n4wnR90UD3MpNL3LDx6w7DQYDXKBrMBkGS642Lr2xtg6PcTiyqUpljXi73NMb5qeua/aT84d2KpN+H6InKbKASWQ4IZDuLMDUB12Qq6bs0LPotmaPRw1EXUvbpnVziozIrSa1atXzdKmeOEJeUee/wA3TcxI2MFmAqIiNnnTFSej0SsUpEKnPpdfjSMr9S3b3uObePrv88qGGRn0rNDxfan1fZoxnpegIAgCAIAgCAIAgCAIAgCAIAgCAIAgCAIAgCAIAgCAIAgCAIAgCAIAgCAICI6ae2gOSqZ2vtDXegLihlrnQz3oDrShljvSz3hASqgCAIAgCAIAgCAIAgCAIAgCAIAgCA8PKmGzkYa7ivLVz5PyPVepzOeKdzuJNjotEEYV56tNdkY21qua/pnY3r6OL+dVdzdMiT1axMX14d+l1aTmcZ02pvvd40zjrWwPWha0BlqzbalSNoa9ub1a1i/HzJ7V9W3kpUZTlSG+OURC4QjTpNPv6gBysKNhjHtJt0V6QIHnu1Nd3na96s2s5U5L65ExodDuuMfnF84+qKINgk0x7/g1gYV8YRhAxtOzRcFzjausbztVmJmqny8YRKaL3YxupjFy48croxNpkMzb2weRDBgLK6s0Mwj5C5rtW3vbzmsNuK0urL41yviSU0NpqOqxwX63Z35bXJpSJO7aGFDkmwwNhHnoheucbSsb1tRE7yw41+eBJ6K1flFOqZoVIKSiT4fpDCsW11E6ch78i2tR1Hf3fdyw+q9RERetvDtDr1pd9O0Jz1TzFvcAPvWbDIGEa64G89gtBvBVy2fsPfdh7k1vjk65J9eiNXSWolLBViX9OtYzjCtN7Znss14WGRbXaRca67QYrqOxPw9/AvZ5Ycodel/Eh9Z1jdT953Zx6xpdglMm8zXuUfqr1083thAEN1O8hjk78sYhdd2N+HKWf9PJqjj5ZqOXQgdZ2huynaSq7s44uPVczo+hu5p+n4kYjBwcH2IWWwqqut0Vroez9kLRbvuNRS6K3TFG7uCyqQWsa5v70u++eFb+HyxaOrqJzVvFyGcHB5EIwqsFQGww7ldtS0Ps7MRglF1Fm+HKvEgdPpN9trCibjO+vKlJXSm8MsZAdPjYpCIabdVclclwV79ZGqVwIADr0r1ccfDL78ZB9XoCAIAgCAIAgCAIAgCAIAgCAIAgCAIAgCAIAgCAIAgCAIAgCAIAgCAIAgCAICI6ae2gOSqZ2vtDXegLihlrnQz3oDrShljvSz3hASqgCAIAgCAIAgCAIAgCAIAgCAIAgKLb5ln7fxV0VxXkrPn67Tkr7wWUol7th0+jCp23/wCwnozr5tWlD5PG6KPjypXge2b1zXmcX7rE/sut9QahDDsIujUY9Q0DopG2NPu7/WleOdMH9kT+o6OYpMpLo6zfjRwscz8zN1CmjTqVQD6H+oYBg18waLrCLlyrbG0N3fU+PGvHJ1xwpBcNS1eVdhl0cX40iM2jN0GpUxKMThNhqJYJrygQPTVm6q+f6/tFN2veSo3S55Zeu5I/szVIfS7wR2NQuc5G+cs4TDDUXTTWeplqys5e+slUjX9dT3q9/PlXA9Wiaup1vpjjHzwxMvOc+SFxhQYYEI3wAr6IwI8IKpa4npt6IrN3hN/zWBu6FOzRzVdeNIxitZ6kfTnTWSOQ8ZZLFYaZ9aF2m059qrGn2ZpNLbTSdbScxxu+sVJHR2o7Q4eXOK0fykhmkc8NzgGy5eQBjCFZquHTfHJerhsbYdu1u+68KQuFafaVVGHTadKX88Pl6azUIzrMM7S6Vui7fvQC+YMGQDEYQiIQPZmXVtjfh9t2W7DfNfRXUh15kXptd0astU4VeK8fD5HTG5lR2Uud7b4wnnqVtACNl4GVdY2NsVaPcnRrqvPvxmvSt67ricw8/DyXGr4yfoRudTdNrpwxj5K7bOLtMbYRjb3bF1XZOo6LR2K6Oyos4rFxSad44t1KnrentN0tO90pMTf1eTrciYnDM2O4YEmdM5IR643aLrlPWdBo1dZiOEtPisZwa7QRz0tt4z3qoude/qcu5lsndiDDDI6axDNHR/KzWbNlXLDmq5eWHG8xtt3suf1F1mGnwJX3CVyg8PonB0bCz1oD7v5jMgPQljJEeT0koD1vpjKOrxQHoSlnzV3lAeg/YP8AOwFAfccyf5h3hAfcaDYAenwQHrDGQ9m1Aeg0DYejz9kB9QBAEAQBAEAQBAEAQBAEAQBAEAQBAEAQBAEAQBAEAQBAEBEdNPbQHJVM7X2hrvQFxQy1zoZ70B1pQyx3pZ7wgJVQBAEAQBAEAQBAEAQBAEAQBAEB8NQJyAoDAS6UYGFWb8vnp0VVLHafDxX1lrhCdXVTANKnSdMW5fEtAejeVRgYYB7alitN7r4WX1vde7PbN65rzPz63aaR4rffpIQw/ahC3qMeiyC5p+IdY3PaVi/BYqlOU3RclUtmzNHvbtMVGMx8sHzbvPyR3XqZYEsaAff+ZYHrW+kZtsMO2K4X+INobjtzaisc3MT353rCDoWzdWlKjuur0vfX5m17m1L8Pe/pb2D61xhkNXTVmqXO9c2lM+9gpz416dSRtatGCnPF5xcr6zf3O+9z6kZbkzJxn/A8Nt+C0Y5IXxGyFV1vX961/FMtTnV8KxNb0mYLegi9Y4cIuUXJ5VrPLHUrpfiMbF6BbDlCquHdXX0QWxqtl6drGX6y9X4nyrG7g5zePy7HN9I90TFv2WS/9Z6yz6+VqGWGS3qVl1TY70tqx7k1WEvC65L5+AdvdlTg6YcuE/c3iik6frGLrw8IC2u2BgRHryLpuw/w9O5/p5Vai+a3Kl7x6YQOuazuq1Xxi/1z5Y9KUVoEZ0Dt5icKxv1cnKzjP0aYdh2L+HPdsvciFguE9ImL86O4qeubSVluLWOacq53z6apEE7zDQ/9PxfosHBga2QBDQBlPVWrlq2yPZR7qWFM6x36vLjD6TXd+femcJi/PPur8ETPMr/eDAZjgwEMma27ya1PavofZpKM60quWMu+rvvRoaTSb+Mz4XP16RtDE8fur0135aj5Nq2o8LuHJ3pZrpdfhLtieKvX7Yi7pGg1Be+vXzzBcMzv+8jJXEeehAVmZ2ja0NMe9AXTE5xHrVjP58hAXjE4R9qoZ+xAXLMuujDMLT5z9KAuWJZG/wAOk9wigLlmVRv89Me4IC4Zfxv6jCvSKuwICuH0b+sVdY+6ArMvdI6Yjz0IC4ZajpQFwyYiN96A9IAgCAIAgCAIAgCAIAgCAIAgCAIAgCAIAgCAIAgCAIAgIjpp7aA5Kpna+0Nd6AuKGWudDPegOtKGWO9LPeEBKqAIAgCAIAgCAIAgCAIAgCAIAgPjVh0HuQEcT/L8Th8qEI3wq6ezIsNq9+vm1N0vNH3ZszXDo64U4Xub6UINpHSTFO37IeEchsW2Esm7zbVkWDSWmrNpcHdlDUc5+mZls2VKUYrsnPp97jgbdcnEyvfUTGOFCu8gxv6uuyK5rt7Rb+/xnLFxTDGs8UWnZz3d1JLDPj9Fzw4fmBupTZvmUtNYMfTsGJEQPSMn7ebFxPbuz1btWnu3vje8qc/lJe9n6xuqJhxVTC4vPxwyZf0JZEiDk2QDMezPb3FUvTbG324sX8LvB3eqySFrWnWs8+N9buVet0dcUPpXvR0yzjYRdtCETeyQLIGMDA1X3hRWk/Du/aXuX2rNYbhzy8c3ea9vWcmq1Va8frVvkZicJX+qYVeFhRtMbY1CFltlhqyK0bM/Df8AD/p5YEfptcVmZtOuHLlHN45J3GmSmhP6g/YaxMYPGGhyf3A5KoCJrzm5dD2X+HI3f9OLpo7ldFZnBwoiML4zTbRiVvXp3vDup8q4MnChVFN5YkYqEAzdXGrMc4+9sOi7L2P7Lde5F2FLs7lWcOMZQGua5vzNq+WvlHet0YOh1vQ9veTpkRA5EKr6j0LoezdD7OylEUXhfNXX5lZ1m3vN8L7721mpyRIzuc6zyqiI2+cqlFRJvC00+qr5GmX7udLOVaK67/5iF9TE/wC18/dfXCnKFxBfOpzjg8rLfkBC9m/GGu1qPq46Av3c4xAGFaTGvzcF6sedOy+cgvGJwjXGq4ZV6C7Yl0bWq9NQ2nzdFAZFzLbK/O03m4ZLwMm6lllfbl86TWgMg7lWfz212WxKAvncpjfbnObp8+qgL91KLK9HnNmgaqwgL92+jf2x/nvHUgL128/i46M/nKgLx21Gq41j7jzkQF47aqByVeehAXjDQFpqNmTznzICqgCAIAgCAIAgCAIAgCAIAgCAIAgCAIAgCAIAgCAIAgCAiOmntoDkqmdr7Q13oC4oZa50M96A60oZY70s94QEqoAgCAIAgCAIAgCAIAgCAIAgCA8t+o1/6Wu4oCE6Y759LgCJrhWdhr8ipa9qVMLkq59H8zNZiF48/X3rJyvTATqcbi3cQQ1XhNW5DBk1A19EVp6RWoaikOfvy++FNixuwn0efFeHzxbOSKbTRPEqx0XMYxsLVdv7bYdltyp+1NXtaTeUZ31cWqU4Thz5E3qukVmLuPbGePVQjj+mdBZ3lLxomSx5YIqNzWdnpNeS5c62lsu1btNKyr5fOc4+nkWXVtbSV8c18k3KviOtamsSOhs+yeGBJbIXtdvI7DVVbWopbFdqjsS+nWKThhW6JNl64prajKn3SmptMhmik7hp2GZNa0yPWbFROZiuqMYZVls7Cst2fcSqqtS56znksqHxa1yzD97134L9YJyopME8yjF4+TwjC1powjZDk9l+ZWzZuxNFZ3Zs+C7t0vzh1muChta1t1i1WPTjy5UwT6RovQjHMMF85sZJsJgQI5Oo9Kvuz9kaCylKhpfCr4K9rOt224m/jnKTdzdaYZVJJktE97wwHVkLrO+FeU9ynLGpaGx/D8lcuEfe5Xmhb09t3t4p4TnxfNLE2SSzfK5OAGHcKoWkZLTC7IPst/R6NWbsMMccMOEpTlia1q07V/q/19JMow5lwgcCoZSa6rqvOdfUUavbbfBVWPDvwR8l47dS8Q5EImIrMR2dnkfDctYwobwfXjdOOCBkHLuXVci83nJoXqmL4hWZ4e9KfRAyTl3LauRcYVnLXdd21rJPnHrKVUGQdO5ZVyNFZt6rfIuXoL907ldXJsrtNuerqy5coGVcu5UIcntJz5I5yOsAIDKuWJTVye09N3WegQQGUdMv6qro23dV8R94oDJOmX1URcD0dUMmbIAgMm6Ze1Vdp6Do7RG2CAyTll5eO3zXkN99aAyTpluqI6chy2Zq49CAyTsNZLCDo05s1ttSAvWAazce1AXTMYCKArMRryfdAVEAQBAEAQBAEAQBAEAQBAEAQBAEAQBAEAQBAEAQBAEBEdNPbQHJVM7X2hrvQFxQy1zoZ70B1pQyx3pZ7wgJVQBAEAQBAEAQBAEAQBAEAQBAEB8Nh0FAaRPM1b5w4M2x7dF/f3YrVnq3zb6cM5uoq4/dm1EJ3fXj6vqyKZ4oVvnD9DGMfZAy/a+29Y7VhOU1WInh0pfTwvMitK9NX058mRTPG5dvgt/6cGIPs2xvshtqzqL0+pu3L3ZxdJ5dOTunG7a0esOzRyr7sPrh+lCKp33Et8NH/SREb2AY16Bf1KD1jY+/LdjFXWb68qv71N6xr+7HvU58Mo8oMKNwqH/k/wD9Yj1mKw2diYuzRZrPOjXz7VyfmE0TvyivdFy73DcEsnegtFWALjVkJ6QslnY8Ne7lT9EvMWtepfETVXdXl5G7zTuS71DH+mhCEeRkEDHzeYRipPV9nbke7D5XQ5UX1V/JdtPS61vYysly8caUS6olCaaDb2ZAxMIMwhg5rqjHqyxrrU1oNF7NRd2V983dJjxI/SW5bbvd3nWGs88cjPs0Ss9Fms2/YZgtpWfqvS/z4mFufXqessrs0U+X1DNlNQX2l6ynCFTzxPCszRaH/HDORE9EPBGpwnrTrn2YKrNGAP8AjidHcvN1ulEsljzuBcsUbgGfR57M8ciJTvcadlHnILtijsP+Oq2oVgr3z/X71xBdsUf/AGdMKukZdty9BdsTDCHI7Pvt0IC8dzJCHI7OzJdlhmQF4xM8PYj5vP2FSAumZrwfZrOZAXDE32VVjN5uQF47kMIVbRtHnKEBeu5HD2fP20Ed6Au2JNC6zJ0xs8IoC6YcwzdvZ94xQFcO4XEnOPPagKrLHvdW3wQFRAEAQBAEAQBAEAQBAEAQBAEAQBAEAQBAEAQBAEAQBAEBEdNPbQHJVM7X2hrvQFxQy1zoZ70B1pQyx3pZ7wgJVQBAEAQBAEAQBAEAQBAEAQBAEAQFBtgRMQCDm839SAtG3DBtYZOfBHbV5uNqQsvV3lQFg9kbo/8AE76WGT2wzXkEQXkLJdj2Wrm0Y55N7omty76XbP4xy5K8qQsl2Ql5vuUv01zzLr6Q2JCyXZCXm+7H6a55l19IbEhZLshLzfdn0Tc6Fjp2NDvwSFkuyEvN9z1vFgWMMD+gr2FkeHoSJkWMMxhkA7wgPYkbN7LJ6GftBAfd5se4z1DagG82PcZ6htQHtmSD3Rmq8GggPYkoB9UdXgO9AVmZMB7LOSwV9UT2oCszJx7o6gO02oCoHDPusjTXtQHsOmb4dAHf4ID7imMnYNiAB0zcK8wGxAVmXdlQHRX509qAqhkXCvRXtQFZliFZ6vPn7Ae0AQBAEAQBAEAQBAEAQBAEAQBAEAQBAEAQBAEAQBAEAQBAEAQER009tAclUztfaGu9AXFDLXOhnvQHWlDLHelnvCAlVAEAQBAEAQBAEAQBAEAQBAEAQBAfCAaigPGLFx++xAeC5BjZ290IIDwZMDk7fsAgPO9Gf29RQDejP7eooBvRn9vUUA3oz+3qKA+71GUdu1Afd7C/vI2oBvZnyTsQDezPknYgPu9xm7PxQDe4zdn4oD1idB0k/YBAMTC4dp7wgPWKGbqQH3F5+zxQDF5+zxQDF5+zxQH3Fi8nu2oD0ABYEB9QBAEAQBAEAQBAEAQBAEAQBAEAQBAEAQBAEAQBAEAQBAEAQBAEBEdNPbQHJVM7X2hrvQFxQy1zoZ70B1pQyx3pZ7wgJVQBAEAQBAEAQBAEAQBAEAQBAEAQBAEAQBAEAQBAEAQBAEAQBAEAQBAEAQBAEAQBAEAQBAEAQBAEAQBAEAQBAEAQBAEAQBAEAQBAEAQBAEAQBAEAQBARHTT20ByVTO19oa70BcUMtc6Ge9AdaUMsd6We8ICVUAQBAEAQBAEAQBAEAQBAEAQBAEAQBAEAQBAEAQBAEAQBAEAQBAEAQBAEAQBAEAQBAEAQBAEAQBAEAQBAEAQBAEAQBAEAQBAEAQBAEAQBAEAQBAEAQER009tAclUztfaGu9AXFDLXOhnvQHWlDLHelnvCAlVAEAQBAEAQBAEAQBAEAQBAEAQBAEAQBAEAQBAEAQBAEAQBAEAQBAEAQBAEAQBAEAQBAEAQBAEAQBAEAQBAEAQBAEAQBAEAQBAEAQBAEAQBAEAQBARjwp+azreKAi2l9JcPG+kjEm/TbpgIoDl6l094eN5cbb7bfNdl1QrAr0RnvAxXLgRg39mwX9oA6hojSXAxXpIWC2yMM/V0ICS+FPzWdbxQDhT81nW8UA4U/NZ1vFAOFPzWdbxQDhT81nW8UA4U/NZ1vFAOFPzWdbxQDhT81nW8UA4U/NZ1vFAOFPzWdbxQDhT81nW8UA4U/NZ1vFAOFPzWdbxQDhT81nW8UA4U/NZ1vFAOFPzWdbxQDhT81nW8UA4U/NZ1vFAOFPzWdbxQDhT81nW8UA4U/NZ1vFAOFPzWdbxQDhT81nW8UA4U/NZ1vFAOFPzWdbxQDhT81nW8UA4U/NZ1vFAOFPzWdbxQDhT81nW8UA4U/NZ1vFAOFPzWdbxQDhT81nW8UA4U/NZ1vFAOFPzWdbxQDhT81nW8UA4U/NZ1vFAOFPzWdbxQDhT81nW8UA4U/NZ1vFAOFPzWdbxQDhT81nW8UA4U/NZ1vFAOFPzWdbxQDhT81nW8UA4U/NZ1vFAOFPzWdbxQDhT81nW8UA4U/NZ1vFAOFPzWdbxQDhT81nW8UA4U/NZ1vFAOFPzWdbxQDhT81nW8UA4U/NZ1vFAOFPzWdbxQDhT81nW8UA4U/NZ1vFAOFPzWdbxQDhT81nW8UA4U/NZ1vFAOFPzWdbxQDhT81nW8UA4U/NZ1vFAOFPzWdbxQDhT81nW8UA4U/NZ1vFAOFPzWdbxQHP8A+oTl7jWudiA0OkcpnF5jIOyYxjyjfHN29yAgakTmdXmMg5NcbybY5ojoy3ICrRx1OjvFxctCz2jV/bV5yoCeKOymcnWLGAYVWk9dgqgL0BvH6hOXuNa52IB+oTl7jWudiAfqE5e41rnYgH6hOXuNa52IB+oTl7jWudiAfqE5e41rnYgKjMrnRr1WCb/Xa/FAVmW55asctH+tr8UB8aezwz6zpof1taPdQFFqWToz6zBGbDa/FAfWZXOjXqsE/wBbX4oCuG55asdNH+tr8UB5aezwz6zpof1taPdQFFqWzmzawddr8UB9ErnRqxgnQ8a/FAVw3PLVjpo/9Rr8UB5aezwza6aq/e1+KAotS2c2bWDrtfigPolc6teq7J0NtfigK4bnlqx00f8AqNfigPLT2eGPWdNfUa/FAUGpbObNrDVsPXa/FAe2ZVOrXquyf62vxQFYNz01WHLR/ra/FAeWns8M2umtdr8UBQals5s2sG2HrtfjYgPbMqnVr1XZN3+4fxQFYNz01WHLR/ra/FAeGn08Mes6P1GvxQFFqWzmzawbYeu1+NiA9syqdWrHZMf3tfigKwano1hy0f8AqNfigPDT6d2bXR12vxQFFqWzmyYFggxh67X42ID2zKZ1a9V20a4eu1+KArBqejWHLR/6jX4oD7Ge+Za12vxQCM98y1rtfigEZ75lrXa/FAIz3zLWu1+KARnvmWtdr8UAjPfMta7X4oBGe+Za12vxQCM98y1rtfigEZ75lrXa/FAIz3zLWu1+KARnvmWtdr8UAjPfMta7X4oBGe+Za12vxQCM98y1rtfigEZ75lrXa/FAIz3zLWu1+KARnvmWtdr8UAjPfMta7X4oBGe+Za12vxQCM98y1rtfigEZ75lrXa/FAIz3zLWu1+KARnvmWtdr8UAjPfMta7X4oBGe+Za12vxQCM98y1rtfigEZ75lrXa/FAIz3zLWu1+KARnvmWtdr8UAjPfMta7X4oBGe+Za12vxQG6/oA5sdY2IDCy+imOwou4xjdcTov7elAaXL9z/AB2F6CMTD1e2zJ2XoD1IKAYmEHMIft6SLIjzlQG6SCi2Ih6MRELRoiagOtAZj9AHNjrGxAP0Ac2OsbEA/QBzY6xsQD9AHNjrGxAP0Ac2OsbEA/QBc7HX4IDapromH5Z9HbD2bbM19nRZagJFmzc8x4ZOIjGB9XLnhn0ZL0BaTpQHE4XoIQJIqthXkv8ANqAjic6LlyT6OEDcz3dv2QF9NdEsdg+itzd/hmCAkabNzwvmR6AVivk5Nl+fTWBj51oCXOF6GBH7dvk9CAjqc6L4lo+jhXkzw6vGIQGRmuiJfYPooxA9nLZ0w7EBIs27nmOZrcR5JgcCFxPbDyEBjJ0oFiML0MIRicE3X2ZodVqAjucaL4lojFw5Quz3i62tAZSaqI44MeiwowuuPRdHZegJFm3c7xrBOIjySa2c2jz0IDEzpQLE4YxFkfZu0dFSAjqcaMYluGK9tkWCFuj+UBmZrohjiz6KMTGwbLLUBIc3bneNYJxEeSfZjdouh3QQGGnSgeJwvQGqMKstWS3ryXVAR3OFGMU9AxcItAWZx3m3pvQGbmuiGOwfRRjC6Mb/ABhZ0oCQ5Bud412WsREBkn1cgJj2Vd0EBgp0oIXJa9DCEfZurtObzUgI9l9GMW9AxcItQsrjGzL4ZkBnprofjwzB1GMD6uWHhGq3LWgJCkO50XrokOLGSfUydl8YdCA1+daCYjC9CBCNjOnv7emsCPpdRnFvWWcXCLUKhdXb0DPdBAbDNdDsfgxdRjkZrqr+0MtmZASLN+5zjWI73iYAjkxPVDzGKAyXFqfhjqHYgHFqfhjqHYgHFqfhjqHYgHFqfhjqHYgHFqfhjqHYgHFqfhjqHYgHFqfhjqHYgHFqfhjqHYgHFqfhjqHYgHFqfhjqHYgHFqfhjqHYgHFqfhjqHYgHFqfhjqHYgHFqfhjqHYgHFqfhjqHYgHFqfhjqHYgHFqfhjqHYgHFqfhjqHYgHFqfhjqHYgHFqfhjqHYgHFqfhjqHYgHFqfhjqHYgHFqfhjqHYgHFqfhjqHYgHFqfhjqHYgHFqfhjqHYgHFqfhjqHYgHFqfhjqHYgHFqfhjqHYgHFqfhjqHYgHFqfhjqHYgI8wGPdZ1RsQAu2DawwdLI2IDzinRtduz/QzsQDFOhY7dj+hnYgPWAwLGGR/SNiAYDHus6o2IBgMe6zqjYgGAx7rOqNiAYDHus6o2IBgMe6zqjYgGAx7rOqNiAkijbtg4uLDBstZGxAT3R5y5IdxdO6yI8hnIcyAxVJHLoYyDt2LfYZ2ICA6QsMBowYZ9b3Rl0IDMUedu4uxgM1gExZBvzoCeqPOnRZZi7dnkm1hnJoQGDpG6dxbGLYtNjLIv0ICCKQu2A01BhkcoeyMuhAZ6jbtg4uLDBstZGxATxMLlzgsjFO4YF7DJtBzIDX6SOnQxkHbsW2MM7EBAk/sMY0clkekZFQA9oDIgNko47YiwMBmERayD9kBPUwOnRdGLp2fRtWsM+6cyA1akLp1F56NioNEQZZF+YICCp/YYD0QYZHpGfZHvDMgNro27dnAiwwYw9kbEBOcwunRdGLt2fRtWsMn2TmQGqUkdOxjIO2Bb7DOxAQRPbDGOjgs1PGbhe1WgNwo27YOLiwwbLWRsQE7TM5dGTN+id/7ZPqM5NGdAabSJ06AbOLYjyh6oy6MyAguemGN8schn/cHsjLoQG60dduyGDgMez7IyjNWgJxmZ06Mmbi7dn0Z9hnJoQGkUkduxjIO2BbYwzsQEGzu7Y3wwcBmJeC4ZSgN6o27YOLiwwbLWRsQE8TG5c4mOKdxDI9hnNmQGfxLrmneozsQDEuuad6jOxAMS65p3qM7EAxLrmneozsQDEuuad6jOxAMS65p3qM7EAxLrmneozsQDEuuad6jOxAMS65p3qM7EAxLrmneozsQDEuuad6jOxAMS65p3qM7EAxLrmneozsQDEuuad6jOxAMS65p3qM7EAxLrmneozsQDEuuad6jOxAMS65p3qM7EAxLrmneozsQDEuuad6jOxAMS65p3qM7EAxLrmneozsQDEuuad6jOxAMS65p3qM7EAxLrmneozsQDEuuad6jOxAMS65p3qM7EAxLrmneozsQDEuuad6jOxAMS65p3qM7EAxLrmneozsQH//Z',5,'field12;field22;field23;field33;option','active','Lokeren'),(20,'testListing4',NULL,NULL,NULL,10,NULL,4,'','active',NULL);
/*!40000 ALTER TABLE `listing` ENABLE KEYS */;
UNLOCK TABLES;

--
-- Table structure for table `notification`
--

DROP TABLE IF EXISTS `notification`;
/*!40101 SET @saved_cs_client     = @@character_set_client */;
 SET character_set_client = utf8mb4 ;
CREATE TABLE `notification` (
  `notificationID` int NOT NULL AUTO_INCREMENT,
  `type` enum('new transaction','cancellation','payment confirmation','reviewable') NOT NULL,
  `viewed` tinyint(1) NOT NULL,
  `userID` int DEFAULT NULL,
  `transactionID` int DEFAULT NULL,
  `activeAt` datetime DEFAULT NULL,
  PRIMARY KEY (`notificationID`),
  KEY `userID` (`userID`),
  KEY `transactionID` (`transactionID`),
  CONSTRAINT `notification_ibfk_1` FOREIGN KEY (`userID`) REFERENCES `user` (`userID`) ON DELETE SET NULL ON UPDATE CASCADE,
  CONSTRAINT `notification_ibfk_2` FOREIGN KEY (`transactionID`) REFERENCES `transaction` (`transactionID`) ON DELETE SET NULL ON UPDATE CASCADE
) ENGINE=InnoDB AUTO_INCREMENT=39 DEFAULT CHARSET=utf8mb4 COLLATE=utf8mb4_0900_ai_ci;
/*!40101 SET character_set_client = @saved_cs_client */;

--
-- Dumping data for table `notification`
--

LOCK TABLES `notification` WRITE;
/*!40000 ALTER TABLE `notification` DISABLE KEYS */;
INSERT INTO `notification` VALUES (1,'new transaction',1,2,6,NULL),(2,'cancellation',1,1,5,NULL),(3,'new transaction',1,2,7,NULL),(4,'new transaction',1,2,8,NULL),(5,'new transaction',1,2,9,NULL),(6,'payment confirmation',1,1,8,NULL),(7,'payment confirmation',0,1,7,NULL),(8,'cancellation',0,1,8,NULL),(9,'cancellation',0,1,7,NULL),(10,'cancellation',0,1,9,NULL),(11,'new transaction',1,1,10,NULL),(12,'new transaction',1,2,11,NULL),(13,'new transaction',1,4,12,NULL),(14,'cancellation',1,5,12,NULL),(15,'new transaction',1,4,13,NULL),(16,'payment confirmation',0,5,13,NULL),(17,'payment confirmation',1,1,6,NULL),(18,'new transaction',0,5,14,NULL),(19,'new transaction',1,2,15,NULL),(20,'new transaction',1,2,16,NULL),(21,'payment confirmation',0,1,15,NULL),(22,'payment confirmation',0,1,16,NULL),(23,'new transaction',1,2,17,NULL),(24,'payment confirmation',1,1,17,NULL),(25,'new transaction',1,2,18,NULL),(26,'payment confirmation',1,1,18,NULL),(27,'payment confirmation',1,2,1,NULL),(28,'payment confirmation',1,4,10,NULL),(29,'new transaction',1,1,19,NULL),(30,'new transaction',0,1,20,NULL),(31,'new transaction',0,1,21,NULL),(32,'reviewable',0,1,21,'2021-11-16 15:29:43'),(33,'reviewable',1,2,22,'2021-11-16 15:38:26'),(34,'new transaction',0,1,22,NULL),(35,'reviewable',0,2,23,'2021-12-09 14:02:16'),(36,'new transaction',1,1,23,NULL),(37,'new transaction',0,2,24,NULL),(38,'reviewable',0,1,24,'2021-12-30 09:02:49');
/*!40000 ALTER TABLE `notification` ENABLE KEYS */;
UNLOCK TABLES;

--
-- Table structure for table `parameter`
--

DROP TABLE IF EXISTS `parameter`;
/*!40101 SET @saved_cs_client     = @@character_set_client */;
 SET character_set_client = utf8mb4 ;
CREATE TABLE `parameter` (
  `parameterName` varchar(255) NOT NULL,
  `optionName` varchar(255) NOT NULL,
  PRIMARY KEY (`parameterName`,`optionName`)
) ENGINE=InnoDB DEFAULT CHARSET=utf8mb4 COLLATE=utf8mb4_0900_ai_ci;
/*!40101 SET character_set_client = @saved_cs_client */;

--
-- Dumping data for table `parameter`
--

LOCK TABLES `parameter` WRITE;
/*!40000 ALTER TABLE `parameter` DISABLE KEYS */;
INSERT INTO `parameter` VALUES ('parameter1','option1'),('parameter1','option2'),('parameter1','option3'),('parameter2','option4'),('parameter2','option5');
/*!40000 ALTER TABLE `parameter` ENABLE KEYS */;
UNLOCK TABLES;

--
-- Table structure for table `review`
--

DROP TABLE IF EXISTS `review`;
/*!40101 SET @saved_cs_client     = @@character_set_client */;
 SET character_set_client = utf8mb4 ;
CREATE TABLE `review` (
  `reviewID` int NOT NULL AUTO_INCREMENT,
  `score` int DEFAULT NULL,
  `comment` text,
  `reviewType` enum('user','listing') DEFAULT NULL,
  `transactionID` int DEFAULT NULL,
  PRIMARY KEY (`reviewID`),
  KEY `transactionID` (`transactionID`),
  CONSTRAINT `review_ibfk_1` FOREIGN KEY (`transactionID`) REFERENCES `transaction` (`transactionID`) ON DELETE SET NULL ON UPDATE CASCADE
) ENGINE=InnoDB AUTO_INCREMENT=7 DEFAULT CHARSET=utf8mb4 COLLATE=utf8mb4_0900_ai_ci;
/*!40101 SET character_set_client = @saved_cs_client */;

--
-- Dumping data for table `review`
--

LOCK TABLES `review` WRITE;
/*!40000 ALTER TABLE `review` DISABLE KEYS */;
INSERT INTO `review` VALUES (1,4,'test','listing',6),(2,2,'another test','listing',16),(3,1,'yet another test','listing',17),(4,5,'blabla','listing',15),(5,5,NULL,'listing',18),(6,4,'Lorem ipsum dolor sit amet, consectetur adipiscing elit, sed do eiusmod tempor incididunt ut labore et dolore magna aliqua. In egestas erat imperdiet sed. Augue mauris augue neque gravida. Quam lacus suspendisse faucibus interdum posuere lorem. Fermentum posuere urna nec tincidunt praesent. Elementum tempus egestas sed sed risus pretium quam. Nullam ac tortor vitae purus faucibus ornare suspendisse sed nisi. Donec et odio pellentesque diam volutpat commodo sed egestas. Amet volutpat consequat mauris nunc. Commodo odio aenean sed adipiscing diam donec adipiscing. Ipsum consequat nisl vel pretium lectus quam id leo in. Pulvinar sapien et ligula ullamcorper malesuada proin. Magna eget est lorem ipsum dolor sit amet consectetur. Sit amet venenatis urna cursus eget nunc.','listing',1);
/*!40000 ALTER TABLE `review` ENABLE KEYS */;
UNLOCK TABLES;

--
-- Table structure for table `transaction`
--

DROP TABLE IF EXISTS `transaction`;
/*!40101 SET @saved_cs_client     = @@character_set_client */;
 SET character_set_client = utf8mb4 ;
CREATE TABLE `transaction` (
  `transactionID` int NOT NULL AUTO_INCREMENT,
  `numberOfAssets` int DEFAULT NULL,
  `pricePerAsset` double DEFAULT NULL,
  `status` enum('payed','reserved','cancelled') DEFAULT NULL,
  `listingID` int DEFAULT NULL,
  `customerID` int DEFAULT NULL,
  `time` datetime NOT NULL,
  PRIMARY KEY (`transactionID`),
  KEY `listingID` (`listingID`),
  KEY `customerID` (`customerID`),
  CONSTRAINT `transaction_ibfk_1` FOREIGN KEY (`listingID`) REFERENCES `listing` (`listingID`) ON DELETE SET NULL ON UPDATE CASCADE,
  CONSTRAINT `transaction_ibfk_2` FOREIGN KEY (`customerID`) REFERENCES `user` (`userID`) ON DELETE SET NULL ON UPDATE CASCADE
) ENGINE=InnoDB AUTO_INCREMENT=25 DEFAULT CHARSET=utf8mb4 COLLATE=utf8mb4_0900_ai_ci;
/*!40101 SET character_set_client = @saved_cs_client */;

--
-- Dumping data for table `transaction`
--

LOCK TABLES `transaction` WRITE;
/*!40000 ALTER TABLE `transaction` DISABLE KEYS */;
INSERT INTO `transaction` VALUES (1,2,50,'payed',2,2,'2021-10-30 15:33:02'),(2,15,23,'reserved',NULL,1,'2021-10-30 15:33:02'),(3,5,123,'cancelled',15,1,'2021-10-30 15:33:02'),(4,10,0.01,'cancelled',16,1,'2021-10-30 15:33:02'),(5,5,12.99,'cancelled',4,1,'2021-10-30 15:33:02'),(6,5,12.99,'payed',4,1,'2021-10-30 15:33:02'),(7,33,456,'cancelled',17,1,'2021-10-30 15:33:02'),(8,22,456,'cancelled',17,1,'2021-10-30 15:33:02'),(9,11,456,'cancelled',17,1,'2021-10-30 15:33:02'),(10,1,50,'payed',2,4,'2021-10-30 15:33:02'),(11,1,456,'reserved',10,4,'2021-10-30 15:33:02'),(12,1,120,'cancelled',11,5,'2021-10-30 15:33:02'),(13,2,10,'payed',20,5,'2021-10-30 15:33:02'),(14,1,40,'reserved',18,1,'2021-10-30 15:33:02'),(15,1,12.99,'payed',4,1,'2021-10-30 15:33:02'),(16,1,12.99,'payed',4,1,'2021-10-30 15:33:02'),(17,1,12.99,'payed',4,1,'2021-10-30 15:33:02'),(18,1,12.99,'payed',4,1,'2021-10-30 15:33:02'),(19,1,30,'reserved',3,2,'2021-11-15 10:04:39'),(20,1,50,'reserved',2,2,'2021-11-01 14:58:20'),(21,1,50,'reserved',2,2,'2021-11-16 15:29:43'),(22,1,50,'reserved',2,2,'2021-11-16 15:38:26'),(23,17,50,'reserved',2,2,'2021-11-29 14:02:16'),(24,1,123,'reserved',15,1,'2021-12-20 09:02:49');
/*!40000 ALTER TABLE `transaction` ENABLE KEYS */;
UNLOCK TABLES;

--
-- Table structure for table `user`
--

DROP TABLE IF EXISTS `user`;
/*!40101 SET @saved_cs_client     = @@character_set_client */;
 SET character_set_client = utf8mb4 ;
CREATE TABLE `user` (
  `userID` int NOT NULL AUTO_INCREMENT,
  `firstName` varchar(255) DEFAULT NULL,
  `lastName` varchar(255) DEFAULT NULL,
  `authID` varchar(255) NOT NULL,
  `email` varchar(255) DEFAULT NULL,
  `gender` varchar(7) DEFAULT NULL,
  `address` varchar(255) DEFAULT NULL,
  `birthDate` date DEFAULT NULL,
  `phoneNumber` varchar(20) DEFAULT NULL,
  `userName` varchar(255) NOT NULL,
  `profilePicture` longtext,
  PRIMARY KEY (`userID`),
  UNIQUE KEY `userName` (`userName`)
) ENGINE=InnoDB AUTO_INCREMENT=6 DEFAULT CHARSET=utf8mb4 COLLATE=utf8mb4_0900_ai_ci;
/*!40101 SET character_set_client = @saved_cs_client */;

--
-- Dumping data for table `user`
--

LOCK TABLES `user` WRITE;
/*!40000 ALTER TABLE `user` DISABLE KEYS */;
INSERT INTO `user` VALUES (1,'test','test','$2a$08$w7.x/CTwyr6v4w/GS2X.tenZB32XxSw5X5/wdvwN1fNmleeoaz9GO','test1','test','test','2021-09-10','test','test1',NULL),(2,'','','$2a$08$fW.JhurtUv7DzM/JuRq2l.wve4syPCsbFtOncjyuhvx5Kh08vh5a.','test@test.com',NULL,NULL,'2001-08-22',NULL,'test','data:image/jpeg;base64,/9j/4AAQSkZJRgABAQAAAQABAAD/4gIoSUNDX1BST0ZJTEUAAQEAAAIYAAAAAAIQAABtbnRyUkdCIFhZWiAAAAAAAAAAAAAAAABhY3NwAAAAAAAAAAAAAAAAAAAAAAAAAAAAAAAAAAAAAQAA9tYAAQAAAADTLQAAAAAAAAAAAAAAAAAAAAAAAAAAAAAAAAAAAAAAAAAAAAAAAAAAAAAAAAAAAAAAAAAAAAlkZXNjAAAA8AAAAHRyWFlaAAABZAAAABRnWFlaAAABeAAAABRiWFlaAAABjAAAABRyVFJDAAABoAAAAChnVFJDAAABoAAAAChiVFJDAAABoAAAACh3dHB0AAAByAAAABRjcHJ0AAAB3AAAADxtbHVjAAAAAAAAAAEAAAAMZW5VUwAAAFgAAAAcAHMAUgBHAEIAAAAAAAAAAAAAAAAAAAAAAAAAAAAAAAAAAAAAAAAAAAAAAAAAAAAAAAAAAAAAAAAAAAAAAAAAAAAAAAAAAAAAAAAAAAAAAAAAAAAAAAAAAFhZWiAAAAAAAABvogAAOPUAAAOQWFlaIAAAAAAAAGKZAAC3hQAAGNpYWVogAAAAAAAAJKAAAA+EAAC2z3BhcmEAAAAAAAQAAAACZmYAAPKnAAANWQAAE9AAAApbAAAAAAAAAABYWVogAAAAAAAA9tYAAQAAAADTLW1sdWMAAAAAAAAAAQAAAAxlblVTAAAAIAAAABwARwBvAG8AZwBsAGUAIABJAG4AYwAuACAAMgAwADEANv/bAEMAAQEBAQEBAQEBAQEBAQEBAQEBAQEBAQEBAQEBAQEBAQEBAQEBAQEBAQEBAQEBAQEBAQEBAQEBAQEBAQEBAQEBAf/bAEMBAQEBAQEBAQEBAQEBAQEBAQEBAQEBAQEBAQEBAQEBAQEBAQEBAQEBAQEBAQEBAQEBAQEBAQEBAQEBAQEBAQEBAf/AABEIASwBLAMBEQACEQEDEQH/xAAfAAABAwUBAQEAAAAAAAAAAAAGBQcIAAIDBAkBCgv/xABSEAACAgIBAwMCAwQGBgcFAg8BAgMEBREGABIhBxMxIkEIFFEVMmFxIzNCgZGxCRZScrLRJFNigpKhwSU0Q3PCF2Ois+HwGER08Sc2VXW00uL/xAAcAQEAAgMBAQEAAAAAAAAAAAAAAwQBAgUGBwj/xABMEQABAwIDAwgHBQUIAQIGAwABAAIRAyEEEjEFQVETIjJhcYGRsQZScqHB0fAUIzNCshVikuHxBzRDU3OCwtKiFnQkY4OTs8MlNVT/2gAMAwEAAhEDEQA/APrl42/tyRgjftmJPnW9Fm3/AA+fjougnho2Q2z2H5b7/wAF/h0RLL5CXsKRAICQfJ35+/2/QAdESbPanZx7jKy9o2B4J8sR519j56Is8X9Yv9//AAnoiWIK5aRPqA3v7H/ZJ6IiaCAhox3Dwuvg/wCyeijq/hu7v1BKtSEi1A3cPplRvg+e1gdf366Kmj9a5E5n7xpmd+3Xn6+7xvf27v0+3RF4glksSrMndFHoox8BkffYo152PBJ39vjoiyCrX+vcQYOdkEnQ871/EA/r0RYzj8exJalCxJJ2w7vJ+fnfz9+iLSm4/hpllBx1fulDbbR8FtkkAEfc/A6It2PH4+JQsdKuoAVddi/CjQ+R9h0RZhWqLvtqwrv50qjf89DoivWOJN+3Gse/ntGt6+N/y2f8eiJnvU5jFlOLujuhksSwyhToSIWTsVv1C98ux9w+uu5sknk63CKg7Pu5Pw9/FUsV+Lhv9Vk/xtTqGJHr0pnGzWEMij9S0XZ8/bRIP93XHr/j1faP6nK6lAjRI/TqNF50RV0RV0ReMe1Wb/ZAOv5kD/161cYa48Gk+5EnzWq1Vxbl/owT2ySMwCqvtt5P8B2jfkfz6o8sKPOOh5t+zN5tRMTzb1bp1Ib1apJWiqv7iSXsiHEbMhZD+Th7wJYVKFHlUoRMhAB7i3VKrtJzHuc12Uth7Y3FoBBEnjBg3sbWv2cHgftFGm4iQ8ubljWahbwMyARB+IiL1X1fpY60sVG7i7Fd5pVni/KzMZO9nd3DrYsyaDkrp4wvnQcaUNlvpbjMQ9lPFYptZgeHNaCbPAIDje3NLhY6nvXUPoqyg172YQ0CWObmLSJGuWdNQDu6KklxDlGD5fgsXx4z1olq2IrbuZVZpO1hPGO4doPbJ2Ej7jS/Y732jiv2rWc0XhlM8ZAYJnjOWRbXSNVwf2UaILPVk6A2ud/ZHhxs7uDx1S1FaWyyzVa/dF2nahh37Qk78diqVI/U7389b7K/Cng2PEqgjeMxmOL2de0I1EZHwUA0uv4a66yIF5TjJWrR3WkErUQ8lvtUjvpa37QJJ7SZfq7jsa34+4p0vxWe0EWfBXUzMSwKTHWjiDywupDyF9LsN40AFA+CPJ/j1Uo9PE/+5qfpYiUbmJwlOq9ievCWhIeN5P3lZiqDWteN6P673/DqQYHD0DylIAOFtRodetEo2ZJ5pIa8US+3P7iyyMNsCF2oB34Cn6mB+QSB56u0OgfaPkETd+oVNosbi4zM0hSwQWfyT9Ufga1oed/c7310dkWafbd7g4cTZRVuge0Jj+WwlLGRbuB+tDrX/bjHXp6HQPtHyCqJ+bZ7nhb/AGqtY6/TUKr/APTvryFT8Sp7bv1FX26DsHkm35Z/VD/5cn/19T0OgfaPkFbodA+0fIJrF+B/If5dTKZIHH6VtpWkEMnaGG0KsH+jRLBSNaPeADvewdgAb656J1asMygoAe4kttd/GgPn5+36dERBHDpCzBD9WvjZ+B+o6ItUoqOPcVX8b+A3g7A/eA+/noiUoRFvtMa9xJIPavga/X5+x/x6IiBUQBSEUEAaIUA/H6gdEStB++n8j/wnoo6v4bu79QSzUA7kOhsSro68/K/foqaO1+B/If5dEVAHuc78ME0Nn+yujsfHz8dEXvRFXRFXRFXRFXRFXREzPqqCL3FW383JQP1BUxHf/wCENf39dzZXQrDeA89zqVvK6pYq1XDf6tP3vaU62mbFKFJ72rQhTs77igCkH53vWj89cev+PV9o/qcrqUPOhsEHtXYPzvtG9+T5/Xz1GiroiroiroiogEHuK9utnu+NDz534/j/AHdYJgEmDAmDoY49SRNr3tbW/DrUR/Xn1ko8Wx2USO9DXpUEPesUirYyVtH9pKdeRXXsM0jMuu9Q8cZZiNlT5Tam1aVB1SzcoBAFoDpkEcND2i0L1+xNgvx76DC3M4ua8yJ5nRIcDYzmEiJkm91xs9V/xGWczYtRNk7sEbs/t0aEsUSxFDpffmZ29z6FYKfbLadSGUAr181xfpEz7RUHKOgkCA4xGQCw3jdEcbL7lsn0Jyhv/wAPSDWMDgOSZDYEkgZYBLhMjUknUymF496uXL2XWChi8ZI4LT28pyV58jXrQCRNtIhmWFZnSRK1Vm7Q9iSGuNvKG6hw22aVSq1tOAQZlsC0gG4Ei7h/Uq7jNgVHUHB3OGpBaCNHCYIAsOPguknoR60UbNeOB58bkr1Zp2hNPG0sWL5WBJDSpRPcaGefuhsCH3JEiXtYNNE7tH19DwOPZyLCIDjILhMkAxBIuY0iV8e9INg1qdeoW5mRls2ReBMhsSB27+tdMeFclgzuKX8lYkRpAkskEkc1SwdhtrKkioGYFvqHcwJHcpYfV11KjnUxSDHOYOUAhhLRGR5ixFpAMdQXg9o4Q4eqTADScsAQJveONjpZPU6hKvbGViC11Ca+hU0BoL2j6fHgaHXfw5JpNJJJIEkmSbDeVzkJJK+Qhy0c8rlYK6pNH3MVlUmTx2E6dD9QYNoHwCPPXM2U5zjWLnF0VqeXM4uyggyASbbjunrgosGKXuyEr1omqxwxwwyL3Ed3tg94Hbv6WZu4K2gTtiAxPVak532/ENDjlNU2kxJy3jT3IlXKUBfWVJp5PZKGs8IOyJFZZBMuz4IB0reCGHjXk9dJFqZLO1uO1p7UzzWq+KiLW5i5dUUg+5JK7t3FkRgWbR+ldbOh1mSNCR3og/l2Wr5jB4i5XYOksysHVlZT3ONeUZh3aiPcAT8r5OzrubIr03hzWgS+8wLFszBGkjUeWgirfhntHn/LzTccxosWusBENzlD4OySsPbv6PhWdW+fBBIGwN9wOcBAJA4AkBVE7dxChrA6JNOsfG/gp/EDrzD+m72neZV9ug7B5JteWf1Q/wDlyf8A19WKHQPtHyCt0OgfaPkE0/vKPBDePHwPt/f1MoXOcHOhzukd54nrUpMhhsbCoWvSgj32k9q6J33A+Sd/YeN68dc9XEOGpDGf6pVOv1J8H+RP6dEQy8yRjTt2g+daJ/hvwD+nUdUlrCQYMhEPtkFZgGmJYjx9DfHk/ZNfr1W5R/rFEtQWFYhQ5MhJ7fDfHbs+da+Afk9OUf6xREENgllLSEoNg+D/ALJ19t/OunKP9YoluCXwNN9R2V8b+nt/iNfG/nz1cFwOwLBAIgiQdyIKTjcQJ+pnQ/Hz+6SfA19j1lVazQ1wAEDKD7yjxGBHjZ7RogAk7A/TXn+7fRRK4+Do/Ogf7jsDz8fY+Pkff5HRFXRFXRFXRFXRFXRFXREzXqz4l4uwIDDIsoYkKAGMIOyxCgeBsnQA87A312dmk8niS3UUnx2ii6PeqONPPoEbns8Q5vxRzX5RgIL2E45Zy9OPOZbGX8ljsc8oWW5UwclCHKTwv2+0fyMuRorKjSLIROrRo8ayMvCr4rDDFCm+uym+Khc1xAznm7/3TmPbaLqam7NOerl0iYvrPCN07zM9aIMfkKeWoU8pj7KXKGQrQ3KdqMkpYrToskUq7CsAyMD2uqup2rqrAgKL2VKbXsqCqwl2WoIhwDiJtbdHcpxEWcHD1hof6aLc6kWVXRFXREAepXIm4zxe9ciK/m7MbUqAbehbnBVGIUEkIgcjf09xXf6dUdoVXU6ILXFo5wcRFxcn3KzgcNUr4khpkS0tHqmwnxnW0rgn+KH1PfL5WxhMZK0eOxskiyS95f8APX1LrJYBlBdI4GJWNCEYSvKzKV9rt+J+ku0Kjq1WlTqlrW84NBEwLTEWNxvI38I/THoP6PsbhqWIfQDqjhlLyDmglp0mLQN1oiYsud+eWWcTSN3PJJKjBi2izlPJ3sa+nu8HS/w3rr5s+rUc5znPcSSZJiTBtpuA06l9qoUhQaGhoDsoDjAM2tqOBiYCEYJ7FN+6vLJBIsqTq8blZEmjUrHKkgPckkYPdGyMCjhZFIkRWWxg6tRtVzmvcDkN5629ygr4egWAGm2C4Ai+kG2uie30l9ReTV8muDjsUngyFyKP3sggaWxIVBjEd1phPQIjityBqyxbEXY8ckkqFvf7D2lUc1tOtVL7usYFy4losNLeMdo+eekex8M91So2gyC1pPS3ME/mud/ugzC7h+geXu1fdp2bNgQ0IsP+VpzSStYhhnF7ctmYySNatSRGgLTBY41um2lZXhjZ1+jYOrUrVS2q4va1he0Hc4OaAREXhxHYSvz5t/D0eceTbZ7Tvmcr76ro/FZ/PRQ1JCY5JYIy5GyVb2w50R9J2vn9POvkdejwdR5qhhcSwNnL/F8vJeBOpA3Ej68Vr3MXXpVsnZgmeN7FYI50W7u0k7III3s+NAffq9ToUqM8kwMzEOMTciYNydJOiL2eBsfj5bwl0Yo47NntRSXQMC+1RSdGPegi7Oj2juPVSpQpMrOqNYGvdDi4TJPHWAewdSJp+Zc3zfDuZYWQ4ybPcR5ZXijRqUbG3h7ddZ5pLcvYveaVmGWFAJUVo54mbZVyF3cAMVyY6GR5y31AaQZ136WRE9OzJnLNqK3VBwucgmgtRhVJO1miI7dFtMwVD47vHcNDTdVsM5z8Q5jjmbex0G/dGn1JsSQr/Dsfw3jeOwlF7E1SK80kT2pWkkUvKnbErF2f24oiqL3HZPcxJJ2e7senTaSWtAcHOE33hwOpNrW6lFW6B7Qh7lSGRLDa2BOrSHYHy8CqdbG9kAaA+3ka69CqicvIBRPXVyAFpVgwLa1/R7H32fkeRv8Az64NZjIe4C8639aDbTjuV9ug7B5Jq+ZHULlSNqpB0QddzN8fbyrfb+/48KHQPtHyC3D3NBAMA33JjLF5Ek7BMQyqA47GOm8k+e0g+CPgkdTLUmSSdTcqbGRB+k6OvpG9HW/r8b+N/wAOueughWZNjuAJYaHjz48/b+/oibnJuY/e7dfRIqLvz48fPxs+T1FW6B7QiCmncTISVA7fkgAf2uqiImo2AzqxdO4MwHkfHZ+m/wCJ6IiiGQbADL2knZ2PnX6/3DoiIKTl+0nXhmUa/QINf5/PU9Oo4ua0xF93AH5IiKGQII3DAFe0d2g3axAUHt/tMpIIT+0dLrz1ZVWv0x7I8yufX43fxp5j0Xxc3GuGLHPY9QeCvmOIcmrMAaElR+S0c/XUoGaXKJJQoCvHAzPWmlC9ndKvb859MfS3F7Aq0cNhX0XVqz6RaHU2vLWcq01gQSYPIh4k3BgjRcXaG0BhiAxzQSATIBgzB37zpMdSdz8IH4tsL+I+f1OzlLI1245gT6TUsbZMqgzZzlHH1qZWvDGSS6Tcjg/Z9X2g3vWxJFGDOWQdn0a9I27bdjg5zSMPVoU6QaA0kPpZn8c3OEg7hI4LTZ20ftTnB7mGCAIhs24STrrbfbcp5efv8/f+fXrV2DEmNJt2Kuiwq6Iq6Iq6Iq6ImO9br9LF0ePX79kU60OSCyWnKCOEzPFBE8pkIRIlmliaSRyFREJYgE9dPZ9QU21y57adMMcalRwkMZlIc87oa2XHqBXM2k4saxw1bJHUW84W33C+Zf8AE1+LL1F4v64ck4Ry/kE+MynEOQ88x3A89Skkp3beA5fDj7cIp2Uk7LePswYrGS17KItey62o42kEEpX8zemWN2/T9IMSOVBwdLGVfsWJosDWVsDiOSDRLSQ57C1xzEzzuxeXx2Mxj+S5Mi2ecrY1DImO+3yC7p/gF9V7PN/T6tgJpbgxnE8Lxri+LbInuuZjkRp5bnHKspWDAOcRSw3LuGYWKXbrHbpvAxX3IFH1f0Rxgds+jg3EuFCmAxzpLiXl1R2Zx1hzjHVA3Fej2NXrVcMxtYguYw7oMlzrk9Ui3810G69euwq6Iq6IorfidzgxPGbs5mjRq2IvNVDOo9q9LGVgl0T/AFiOY2j+D5XW+7R4PpFWfRwQdTiSx5MifWHkI+K9R6MUH4jaWCotEsqVWmqIBJYKgDiCbjmiO66+eH1Mlee+5MjSSM7O2mLM7e8frbySxZfqZv7RYt/aO/gW1KjnYl7ybu5p4RY6cSQCV+wvR2jTo4ZlGm2GMDnNGpBa5oF9dCZ8Uz9uv7xZHR/BDDQI03ZoH4/ifHx1wzhqR3O1mZXqHOLiXGJMaW0AHwQHer/l5FUkl+0+4f0b6Smx/ZJQ/H3A31sykymS5oMkRck2t8lXr9Ae0PIq/B3reNtQWqTmKxWs1rKsFDFZK8p9vuUg/SUlfuU6DKfPjru7IANbU8Ym0z/IfUR5nbMckdOG71Tb6+K78+gtoznFZMju/auXx+MRR3Fngq0kzc8pHkPGBkHjMg2qSSgEqWUdfYsI0MYyq2z3v5NxJkZTmdYcZY2D22uvy9tplT7VVpVBNMUi5sCDmDmtEka2c48PBdTcbFGzwzp57a8ZV1buTZjVV8+VO4zsefI+rz16LCgCuI302nvIcV4Cq0NqPA0n4BZ8v5oTL9nBVv4jRJ/l515/j/Hqzyz+rwUaBOU8jTjkOE70/NNn7FfBisZB3BW25sdhPd2JFEUd9aBYdx+3WQ+m69XpTAgxzY4dpN+4b1BUqOa6BEQN10TzTYyvE9yOFJFWsKKxKyyKUA2AqbP1doA2vkgfHyeqVTEg8pWYRyrab4MW0vbTd5qdZ+Niu2MjEMagQzTLo6LKfcLqSSNjauCN/IIPwepsAxrqTa5nlHTJGnh9eKJA9QP/AHCgR8i+gb+CsN7P6bZAAf4EddzZ/wB3WDG9F2Ymb3DXHXtJUVboHtCbPkmzBeABJ9+sNAbOjIzH/wA41P8AAA/qeu6qiK+RrZbJ1jExMJx9TaKCWZvbfypX7D6d6/2T1w6vQf7R/Wr7dB2DyTf8jxVmSD3iXOw29hgo2hGiCNAjY8H7/wB3WtDon2j5BZTDXsdOLU39LGD3ed6/QD/0+/36mRTvuIHiAJIAdT4/kw/9euerNOq57oIEQdAfmUI9FOmuzDH3LC+NGQH+O9j/APP46irdA9oRAdhyJkTXgpvf97/8uqiJdofvr/vP/wDi+iIyg/cP+8f8h0RLtCwwKqFX95vPn7R/z/h1JS/Eb3/pKIidJp6FmOvOK1mavMlex41DYkhKwyAsrqvZKVId1ZEIDurKpBnqPLG1HAA5KRqCd5BIg3FlG+mHkEkiBH14r5YPxqenX4gvUj1L5NBw70x5tJNgsrYt4uStPFluKVOUWbFLLctnwtyW77EPFOQ8hlyl6hjHMU9Q5JqxkLdo6+F7f2btDGbYpYp1IVqb34h4zSRTbVp1coZB/LnAE3sDYyvIYzYG1MfiKgZTIY6o/IQCZYC5zSdxlom1+4Kdn+iJ/Dd6r+nOQ5R/9o6txTiVW1gcnguIW7VafPcjyHGTnE4/lss1cewlKiucv34aMCqVtw0ZJHl/K9zel9BtjvwFWvUql7HPrscGQA14j83NBsbWiw61LgPR3GbPrA4k1Gzz2kCBAsZkH69/0FA7AJ+43/j19VOp7T5rvQG2EkCwJ1IFr9fFV1hFXRFXRFXRFXRFHf8AEfhcdyLiFXB5f3f2ZlpL+PvmFiky1J6MglaJl+pZUB742X6ldVK6YA9WqLW1MLjmvaHMdhq7XNOjmmm9pB33aSDF1SxdHl6uFw8kCvVp0SRqOVc1sjdIzWkELg16xfgDq+s1vhtjl3qGZJ/Tyzbq8MyMeED5dcAmWvZPF4vMXjPW/akVN8jOkUkySTCFvZ91UXTfG37Ep4nDNwdfF4iozCveyk93Jl7Wio5+uTW4HUAIvddKj6JUDm5WvXGmWBS651aeqI+S63fgU9NMN6accy2FsXr/ACPl0MdRLXIrSCvSixSwLRpY7EY3ulTHL+XxFV8nPHLI+RtJCZHEdaKKL2/o9g6WDommyXENAzu6USeEDfw3cJBxV2ZS2YYpPqVA4hv3mW1zplDRbhHDvn/16NRquiKuiKBP4y78YwV6m7FFSENIynTEClHZgGyCva7wTLINElQvb2nZPlvSmq4YVrABGVzZ33l3HrMWhfR/7PqTXbQbVNywFoE25zteqCSRxPeuEPOLEUmXnJJEccrwxEfLFSQO75B32nyABr9N9fDscwPxDwZFybcbDhpf+a/Uuxn5KLSBMtcL9bmn+nUgOVB2SS7PcJEQD7aMRbZ++9rofHj+PVLkG8Xe75Lt8ufVHiU2+Z/96l/3ov8A8QvTkB6x8AtH1C8QQBefP5rJhqcc3vyMzgnQ0CuvAA+6k/A/X5/w69BsXBMc7OXvmTIERaerqXltt1iw5IBEtdN5mGjs3/zXWL8KXPpZ8HJTmsma1hbFzJUH+oowfFQ1ZopAWJJgFKiAYymxYfe9p2fStl1ziqbWPAaGHlBlmSWkCDNoh+4bhwK+G+lOAFOtUqNzZCC0OMSSczo3cCV3C4hmamSxOMnilULep15Yk0e/tWFFZj5+NlABrfnfwdD1NAwRU35QyN0NBE9plfH8WKdOs9suJsdLcBeOrhr7t/PkSVC0UrgBZAQutbABO/BPwQP4dTsaHugmLH3KsgP1ExtU0OP5JlL2qF6Nq/cQVHcJAdqACf3idgj7fp55m1+Vw1LlaA5SpEZHHm9VgQbzx61E+kHuzEkaWEbkl4iHL1jlpcu4FRnhnpqhb6S0CeD3M2wSzeAAdAeeuRgX1XBxxHML2OZlB0zCJvJkcO7tlWkvPhxXmWHw9mvakwWex49y6vYYaOSWWPtabwPokhk0QPq2kf1aDBrzNqVMFjMJs99JnI1mB/KkOzjM57dxDbZZ0NjKI35lZW3iacy/e5WDAfAbukPj58aI+/369psyKjxVNiC4ADSC1wvN93Uoq3QPaEB8jQItwDZ/pqx8/wA5wf7vj/HruqonHydeP3Kx0S35Gt9R13D6SNDxrX933PXnalVzi5pAjMRvmzp49SvjQdgQlyCBP2e3lvlvuN/C/wAP/TqSh0D7R8gsqOeQqp+csbZ/Eh+4/gf9k/r1MimnkP3R/wB3/NuuepaPTHYUHz/vj/dH+Z6K2mo5IP6Syf8AZAb+faWOv4b18/b9Ooq3QPaETbT/AL4/3R/meqiIhxb6kVNfLud7/wDuv01/D9eiIyrP3sDrWiw+d/2d/oP16Il+h++v+8//AOL6kpfiN7/0lEUpJ213TW+6GQb3rXdEV+NHevn5G/jx89b1zaoz/MpZJ4STeN/ZZFAOf+vm/wDmyf8AG38+vIua5jnNJDjTJY0lugacukncI716em8/ZqQphrKnJUgKkB0ENbJiATIka75Tx+g0nZzpF7d+7UVN712/9Kh860d/Pxsfz66WzCeXaTFnAiABw1VDHPcMO/loq1CCGPAy5AQZEXknjKniRokfoddelXlwZAPG/ivOiKi6xhpHYKiKzMzHSqqgkkk+AAPJJ8AeetKj+TY58TlExMT33WWguIaBJJgDrUeOT/iW9N+H2v2fk7VuWxG5i3ThM8RVD2BzIAAC2gezR15Hd42edV2pToxnZGaY54vET+XdP1K6FDZtbEZ8pAyRPNJ1zcNOie1FvG/Wbh/KEpy497YgutGIppIk7UEhj7WmUP3xgCQMwKll0w1seZMJtBmLcQ2mWiSA7NMgb4yiOsSYSts99Fr3GoCaYJc3KRoLgGTftA64TtkaJH6HXXQXOTF+u0fuYLFjeu21ab43vuqSx6+RrXzvzv40Pnq9hG5qOKZMZqNQTExmaRMTeJ4iVVruIxWBcLFuJokHgWvbB8RKhN+U8D+k/sr/AGP+yP8AtdfOG08gL5nlX1HxEZeeWxrfQmba6L3GFNVzM9SpnzAQMsZYmb75ngNFJT8OC9mW5Au96qUBvWt+cqfjZ/z69Dsrou9kea5O1zLm+2B4QFLjrsLjquiLEXb3wm/oEJbWv7XeBvf8jrWuiLnb+OMe3RCAd63aqs8e+3bxQNCPq0d9yP27IHbr79eR9KvwG8L+9v8AL3r6X/Z5/ez2j9YXD7llCdraNKez3e6Qv2923VmQjW1/fPc+9/T+75+eviuM/vL+/wAwv0/sn8Fvsnzb9fNCcMKGWasJR3wCIna/ImDtsju+nt0o+++7fjWuq4EkDiYXWQLkcbTF2wJ5UMwf6yF2P3V1pu8bPb2+NfOx515mfTawAufAJjok31Aseo3MBVvtH37qIYJawvzF8AgFoiMv73H+WjiZ+x7AK/QrIZH3+4hUbcjXkA6Gtje/nrt7HqtacreeBPOBiZzE2g6TGt+9ed27JcSYFmCAZ4b+5Sp9C+YW+M8y49WWVlx1qrfod8YI9+V7MF2RnT6tmIVVRT3HSzfI7QG9rsqt9mqU6Jbn5V3JB05cubnSRDpjLESNdbX+eelOHbV2UTOV7KzXl5ElwFKs0t1ESXAzJ6Ohm3ZLgHrhcxHql6K+ns/sPjed4jl+PSzJJGGXKYbiU3J4TBG0byyM9PjllAyywRtDYlDB2Vd+jdtOnhsRhcK+nm+0PqNz8plyZRIOXKc0ndmB8bfKq+wJ2HtXbJ542a2hULRTvWbVqta5ubMcmRhcSS1435REqb+Jmls4fL2pVdGtPYmRHBBERJSM7P7wdEEgIAA7+3R7e5utgqrq/wB4aZYIIguBPDgLTZeCSjbx9fKU6nvqPoUgeO793yP0/wBs9WqlBtR0vgttLSOE757NyINzim7DjaUPuoI7cc0r6MbzRxEf0Xb57VJJPf3N5Ou3xs+Wx7qdXENbQ5pBD4F5DTLhIiDukzpMWRa1ntz+Uo8cuYyH9nLE87ZJE2XsQTRFaoXtAjPafeL+6/gdvZ9QYdTLQxrcPVdhS2phjkzZwS5rYdpkaWglxO+LEFFs8pxkmNpNHE7tUlyMUoDEt2KphQL3b8gswIOh5B2CTseq2awUiGB2aZOkEWdbfwcf5QFFWH3Z6iD74+KE+S/u3T+gVv59sitr+/Wv4ddpVE5uTTzXbf7tKsNa+fBG97/j+nXmX9N3tO8yr7dB2DyQjml76dhd63CDvW/hwfjY/TqxQ6B9o+QWVH60NW7Q/Sdh/wDgr1Mil/kP3R/3f82656lo9MdhQjOp/e8aAA/jvZ//AD+eitpqOToUktA6/qyfH/f/AFA/TqKt0D2hE10syNKqANsr42Brx3H9d/b9OqiJaozAuoXuBLNo+B/Y/UHfx0RG9cn29787+f8AujoiXKsoK9o7t9x8+Pso353vrZjg1wcZgTprcEIialZRUjLh2COgbwDvQTett5B/jrf362qPD3AidAL9p4E8UUHsxEYctk4j27jyFxfp/dGrEmgvgeAPjwOvL1vxav8AqP8A1Feko/hUv9Nn6QnF9E5fb9RMSCW1IjppfgkOrfUNga8D9fI+Or2zfxm+0PJUNp/gnsPkV0Cb5P8AM/59emXmW6DsHkvOiymt9Y+SycZ4JlbVeQR27YShXbQLA2FkDlAWU7Cr5I3oH4PVXFVA1vJEEuqiGkRAm8nfFrwDCu4Clyldrz0KZl/E7oA0k6iSLA74XOjgfo/n/WjMXYKt2LG08S72Mpmbtea1ClicMYK8MMbxe9PN3SSopniESRsSRsDrlVNmfa8uYt+7mLn80T+U+qu3Ux7MDHJNeeVnNZo6ERvPrlOQ/p7yP0YzdbEZG5DfoZCJ56GRgEq17ftSFZAkco3XtRoyTWazySCISIIbNobfrahQOzXDlCHtJOXk5JDZJAOYNEiL31JIlVftAx7KwaC17w6c0RJtNiTEnh2Qp78JzP7e4vir7Orzeya9hlO9zVz7bbPyWKBGYnyWYk/qe2x4e1rxIDhInXvgnzXDe0se5hglupGndMH3Jv8A1vHdx/Fjxs5Qrs/oaljx/LeiR/f10MD0K/sv8nKliSBXwhO6rRPg9mihMPoQ93nsB3rz+7vet6/TxvX93Xzx3QpdlT/8r17qk4UqVNrgSS0Hm6XA4xdSJ/Dg4kzPJJBsK1THoAfnuU5PZIBI1+h3v+A67uyui72R5rjbWcHZHDQuGvVA+Cl112FyVXRFadCRPjbRuNffSnuJP8NDX89fz6IoCfjkjCYrj8oQO0ta6oRQpkkeH3XVFDdoLOGKrtgCQoJUDY8j6VT9nBAJgGw1MjTtJAAkxK+jf2fVmsxrmunpNvaBJaSTeYtey4H+omdXFNPJkZJaNakvtpdl9r8tIZ3WfzIZdlQ7lGYKXVlKhSNnr45icLXNZ1VzDSY45RylucTMc3NuB7gv0nszaeFblohznOLYloBaLiXEkgxpcAkmEytvmqLUnupYQrdhihisR7MblbDJ3BlPfogDtOj4VvjwDTc3JUy5mugt5zSS0yAbEgG0wbC8r0FTEMYKzmh1VtHJLqYBa7Oxr+YXFs5c2V0gc5piRBIbe55xi0xjsZ8xWZ4Hlq1sXGlrJ6R092O1DM8KQqqMZTMZSoj9sB+5ig6lCjRrPLa5hgaXC084FoHuLl5TG47GVsayjgMNWbVe6H1avJU6NOkZl73moTAfyYOVpdJ4SkylyGGKeWs9u3+zLH1WpvaZrkdcKrmItKsMMkrw9yRflpZVE5iR5I/rdLlGlSw1ZzqZHIwIAs6SLyDA1B33Cr4kYx1PkcZTLMSxzg64exzM003Ne0ulrmQQSAYIkBS/9C6k2U5b6f403Y5kqXMpYsXI5YJzYX8nBk1eRYnkaJZJUSnUWRUM6sBIqKzHr1OzXjEYjDPZIDarXEOsYh1rTfqMLyHpPUbT2dXY4EkEG0R0XDUxvcNyknwT1Hxud/0lmH9Pa2ZtNZ9PcssWPwTKGrU8mvpdmhPFSYkBKmS4xy7IPK8JaSTJw0onhSvF+YXGOquxnpLs3A0Xcm9tVziaphnOESC3MZ480T3rFbZowf8AZLt7F1KZqPxVEFjqV4bYgPz5II3gSDESvoXy2drY/FGP8rLBLNWVUi9tSAixhe47fwvcpVQPsNkAk9fVaFBrWCm0tkX3xbryg750X5pSQt/IVBTrRxy988xsp7oJQQqojZWO20S3aQqgggE7B1vZzSwwYnq+giz5Z53hr5CCCTsqq88ylV9wQ+NlQGKkqQdgsPnxvfVKtsvBiqK9F9NxALcskkg9UQYjWR2E3Bb+BvJYpRvJRYSCWYiSVFjYBm7x5BLE9rBd/Pjt32qD1ewmFa2m4Zg3nm0A/laPzX3Ih/nl2d6dWFgex5kJZRpRqWMgE+Dvaj4B+R1ewb2csGtaRIdwizSeJUdX8N3d5hCPIXDxXCNgexCPP6+1ET8E/JO/57666pp08n8Q/wD7JW/y68y/pu9p3mVfboOweSEMv/7rP/8AJ/8AqPVih0D7R8gspgch/wC+2f8A5h/yHUyKXWQ/dH/d/wA2656lo9MdhQu5UD6/j+IJ/wAuitpn+YzJFPL3uEBjk7t/caft8DZI38fx6irdA9oRMldyMUUqyxSq3bGPB7lBJZ1PyAfg9VFIyk+oCWgEAxqBex+KU6GaXY0qg9zeQd/2P1+f7h/P9eiy6jUY0ucAAIm4OpjzKNq2akZNBdknx5I+FB+4/T+X8uiiS1BlpW7RFGe748FR5C7PyQPj7/frIBcYAkn+u9Ev18lP7QRwU7tMXBJI+lTsFSfkjX6+f0635Kp6vvb80UV+Sjt5FmwBoftO8QP0VrUxXx9voK+PBHwQCCOvL1hFaqOFWoP/ADK9JR/Cpf6bP0hFPpK7p6h4EoxXfvDwdbIaED/i/wDPq3s+o1lZuYxBB0JtIHmqG0/wT2HyK6KdepsbjQ6dm5eZboOweSrosqKX4pp5/wBl8XoQlu2xau2JEDdoP5eOqEJ2Qp/rJNeSRo+PPnm41wbVoudoLnfpK6ezf8Ttd5hHX4eePDA+m9GYoElzty5mJ9dmy0kzVoVJQnuAr1YXUE/T7hXQIYdW6A5ubc6CDvi+v1vUWOqsqPa1pJyBwIIIEuggieMdtr7ln9e8LHkuDvk2H9Lx+/SuxuNFlisWI6NhR47u1lnQsF+yHY8eIMdRfVDTTEht3SQN19Tx4a9dljA1m0nODyQHSBAJM5hGm6Jlaf4f7ptcVyMQbcdbKDsHkAGWpB7jBT8F5Y3Zvgs22Pz1Yw5HJMb+Zohw4Tpffv3qCuDyrnbnRHdrbdqtn1xib9h4idZnHbloozDs9jmVGQtr93apsefsx1vZHXWwAzCsAJJa4DtMjzMd65eMOWphibAVKZPYC0+Qn6hQnnWRvEeyO6QNogAgt43sjf36+eVWOpxTcIfTNRjxMgO5RxiRY2IuF7cva9tMNOlNk2jUW8ipHfhsidclyPuXXbWpv8g/D3014J/60H+4ePuO3srou9kea5W0+jT9oealz12Fy1XRFjIX3kOh3GJwDrzoNs+f5A/z+OiKC34+448d6TQ8ukKxRcfsSixZLrH7Ec5in7y5YMoWCrbPeoIUFgxUuobynpTSqOwb6jbNpsLnum7QYa10b4dwBK916BVGjazKDrurOHJtg88sBc8E6NGUC5jU3K+Kr8TvqX6i+oC5Y+n7WLPFsdyQcRVo7c8l7MZGOam9rKR4+Va3dx/HRVM1HJkpDcilyOHmqVI5Jr9dk+dYPBMxP2oYrElzaeGdVbIdHKB9No14Nc7gIndcfc8Vi8ZgnYR2A2aKzq2KZQrgPp8yg5lR7niSPzsY0gSedwlPvwi1lk9KMZVztau+ZgqRRSzJCIwk7RfmI1iU/UhDTypId692r3EjuTu8mGN+0jDU3Z3FziyTEgEkkkmBFxru4XX1DD0Q3ZVWu+maTqgaRTjnB0Zbi8XEgmLECeMZ+RejRzfHuYNzGzUf/XbjtjjeLyli9Yr2uJW6uVBn5BQ99kqQT38XWNOktaQXaMWXydnsSd2U9XD4unga7zWpCqTTLchggEuY4OnS2WI4OXl9vbHqbX2Q/CVKlTA16lVh5bDv54AD5bmZuM3uQS1tilb0B9L8Ph8oak2U5XyGni4KjJVt5mzf41BOkMkEyQQvNJDemgBkvS3E9wrPMakLNJFIi1MVjji8W77OzkmkMhgdAHNEmTAuQe4nrKt4bZdPB4DDMdVqYllGg2ma9aTUe5jSxxMy4gEQJGkWuV2Q/DLWpy8u429ajXqyxWMsswSrXqSNVjxr/lxM0SokvsXcfMI9O5MkPvKOxkdvf7Bo1A6jYENcLgjQAk+a+YelJbWwmJbTMuazMZkDKDBiY4j4WSX+HLBckzv+lFoerk9SvFgeMcjy/G/fVZVucgzDYHlE0Fxwa6LJTp8Wwf7PkkexIYIasMcixxNFvjVuXZ6Z4fGMBOGw5HKum7SJB5k5jpqGnr0ldXbW1aeH/sk2hs+Jr/ZmvDIsc4blh3RNt2osvqFqZN+Q2M3FLGBDTx4eCXW1DGAlkQ/Hg6cgeN/9revqmxtoU8XU5Vji6m9pAcWvbcuZucO0+I6l+WUUUJ/zi1oZY1eeCnHM/cY2aNpGIUg7J2ygbAO/H1AHQ66gxVCviH0qTiXt6YLXNAI1gkQeNp1si2a9WyIzHYTaeR2u8bL26GhoMRre/H8zrqhQwr8NUFV9QuaAWxJNzpZFrTmexcTy9anF29oTwjjbbUov1fSNN5UAk+NnfVmpWeD90TERrF5uYMbouiEvUBkOFYxFe+G3AGKkAqS2yAfG9nsJ7d/A38eOps77yqyo27QHAnrykaG6irdA9o803uVl2txHdj214HYHuI7TXhAJ+x2wPjyfuRrrvKonjyJ7o67DyGpVWB/UfG/Pn5B+fPXmX9N3tO8yr7dB2DyQhm2CUmYnQIdWPnyO0doOvt3Hf8/PVih0D7R8gsphLqM9udlG1Mh0dgfGgfBIPyD9upkUsctMqRgh1Gu0k7B0v1+T8+N6656npMc14JaQIKDbV2JdRKw2QH79+B5YduiNfbe/49FZTF+oZkksPICzKsDL3LvQbucgfTrzpv5+fP26jqguZAEmQiYOzVmnYdsrInaAVILbIYnezs/ceN/bqoWlpgiDrdXcO9jWEOcAc5ME7ob8kUYXESs6MZG2JJANn4Hs/H+z9z8g/wAD8dYW1eox1JwD2knLABv0gU6VTEHsHbIO7f2BOj2DY+dfG+ioImpYpIu13YPonY7iCSUA+xHwTvremQHgkwL37iiMqNWH2QBEDs/H1Mf3E/Uk9XA4O0IPYiiRzaIwcv5FH2FAMnKyqd/uyKkmxv7Mzsw+3nQ0AAPIYljxWruLSG8tUMxaC8x4yF6Ki9pp0mgieTYI7GiUqemE8dbnmAmkIARrBbZ19I9gk/yU6Y/y0fG+s4Qfeh0SBEnd0gQCbRv/AJ6KptJjnUSWgmAZ8CuicdyF4o5l3IkqhlKEEDYB0TsefOuvTHFYemzM+qxrWgSSbCYHDiYXlxYAG0DTgtgMGAYeAwBA+4B86P8AEffrdmIovIDKjXF3Rg69iyos/iZrmaLico32IcpEdf2pW/IERj/te2JW0NfSCf7I1Rx7S9zMgLsoIMXg31XS2e5tMPLyGySROsEiLDj2bk7vpFOk3p7xtU//AFekKza3oNCzKy/7wbu7vvv5+B1ew5+5Y2btEEbwevt+CpVweVeYsYg7jEzCu9X5o4fTblTSlQr1KkX1EAblyVOIfP3BcEa8g6I+N9SVAeTcY/KfCx8ilFjnvblaXXOgnTXwTbfhnXu4pm7IBCS5sRITshjBUhaRlJJGmeZj9Pgb0AAAOq9FzW5sxAmInqlb1yJDfzNnMN4mInwKK/W8D/Vek2vqTL12U/oQkhB18H4+CCOu5skio6pkOYAnNG4AmZ7LLkY/pUeosP6QoTuAJJAPAEkgA/gHYDr5/jP7zX/1qnmF7Klo3/SpeTlI/wDDkQMjyUkE6p1PA+SfdsnQ/iQDrrqbKe2HDMJgCN8g/XaqG0ujT9oealcG7hvtK7/st8j7efn5+f5ddkuDdTE8Vy170BDgCLg6R4IsTBvzEJ0ez2pRvXju86G/11vx0BBkgzBynqPBFFf8beHXM/hk9VEFc2J6GGp5KDtUyNBHVy1H9oziPyjhMTJfDmRWEcbPKoWREdeB6TMc/ZGOFNpc84aWAal7agcYG+Ggnh1gr1/oNUYz0n2Rne1tM4l7ahdoAaNQ3NyNGG0HTiV8ffPsHfu5LL1K2FxqwLbleHINSsw5GFBD7MkEEcLJj2adSzGUVvdLKs0rtN7sj/B3YnFAvplxplzSHA2OUkSD5xO5fr3CYEyK+HY0gN5Rr3DMCyQZE9xndpol7L4W3h+AYQtXMNu1XewEQrIdLbsRRsdaRmkiUuw0O1i6kdynqHB0XUcfhXOJdTyVIqagyXk87qJyyNIgwu9hn1MZTxrK4bLXUgIsCWsbljcN3huQDjsjhrdxMNmHguiaRmSjkoYxXLt7SMarykR2Nl1DjRZJHeMFQG3PihymIc5nOaW6jSLfzn3rQ4R8ffU3MZNi4QM24eEnuMaI7qY7HYe4telHBVrwExIKx9mIQupPaBGVXt7X0D9vHaRoahw9N7cVmcwhpyXItYGVV2jT5HBg6UiHBrtxOYyB9ceBU2vw2RSVOWUqTuZLFfujB+ZEkerZZkbXlmlXNI4D7+m1FrWo+36psN7A+m0kBwJJB1jmiY3X6ra23/EtvscMPi3lpDDRLA46FxcHQJ6gbaWXQL8DvpnYyvr36ocumx1g43hmc5zLWrW6siQQ5/kTUsfgLMEkkYSeGTh2RzphHdLDK0xLqZSJF2Zs2ocdia1Wk5jcxdmLZbkJOU9QiSDNyvKemO1qH/pjCYKhXpvOKpU6VZrHDM3ILAggzzoabSATBtfr5WhnxmKtu9eNe4SQkwKCpicP7ncwG2Pf3qWJLLtQCABr1Ww8I3D4WlYNdyrQQbGIPadw1jXtK+NJJwU1jH5d5p7gtJeghVUVYwYuxYw0f0qNMpBJ8/fR8kdc9mL+zbZrmo4MpE3cbCSSCJ87W7YIIwXJrkTXhrzBTLNMSwAIaOKRlAH3/d15Gv4k9dahXqYgwC5zYmZkW03662v2otnKG4kkHstGtYlRONJ37L6BBZSQvkDYI+/Vrk3+qUQBzHFywYyeaaYyRT3IZY1+FCkFBGCNElWUvsknR8nQHXX2TzYa4ZXEugGZIDTeP6RoLKOqC5hAEmQgPPoscswQaEkFNH8k7UiIa8k68fcaP3316FrHuEtaSJiQN/0VTcMph1jEweH0E8d3/wB2o/8A9uqf5t15Z9nvH7zvMq+3Qdg8kF59iasqb+kRBwND94v2k7+fgAa3r+G+pqL2taQSAcxPuC3DXO0BPYmSl/rZf/mP/wAR6sgEiQDBuLFZ5N/qlSXzBJHYR9DRqGb7gFpPv8D4HyD89c5XUBXmKMCNb7V+f95v5dEQBnYltJNJICW7GYqv7oJB+QQx8aBAJ6SBqYRNbLWjRgEhVgVB32b87I14AH2HVWsQXCDPNHmURDj66+6h7WUdz/A0P6s+fI+/x/h1CiPqkKoncCxPcT5I15UD7AdES5BGu1XZ02yfje+37eP4dERPTjWP21UkgjfnW99mvsB+nVigQA6SBff2Iok+pKe3zbOjRHdNBJ9X6vWhbx4Hj4I/gfk9cTGEAVgTcvsN5+8B8rrtYa5pkXAbci4HNi/C61OAiE8wxLyM2kjughCu/wByH9Q3wdb8eBvqthiGteXENEi5IA0O82UuL/AcONj2XXQTDyV4acUkcxlgaKOVSzo+lkTu+kqAO0Agn9AN/wAep6r2NpOe6HMGUmOcCC4Rp2gz3rycEOJykiTu19yI0kV+wprtdSyj76+nQ/wJ/wAOrtGrRqvwxotADMwfEWnLAMaaHVaxrNuG6bj57kzXrjhFyvCrF5Fcz4C5DkSTpVWuzGtcZu5CSscMplJVlCiPvclFINmoQHPJIADnEkkAATrJsrVP8oscwEAXMxp7yhb0X5picbjjxnLWFpSGxLZxtiZ1EE0TxQFoGl8pHMzh5Y0Pb3q+htivdvQrUud97T/L+dvWOPGyV6bzlhjz0tGnq6kJ/iY9TMTW43X4zj7iWJsnkq6TmBixZYT3xRIytp9zNGSpRvrRdaOtwOxTzUdTAJY58BwEtLdJBFiCLg7+NzNnZ7C3O5wc3pDnAjVwJ1A3jyTx+iHFLXEvTjAU76umRvVv2vkInGmr2L5My1z4DAwVzDE4fbLIj7OtKu6o1x9/UIvLoEdX9VqetZVuMVAdhRl6qsxGgAyyLsMfH8j+pH69d70eIBxcEGG1PHWPEFcrHSXUgBJzNEC51bFheVCifsWxYUMCFnmX5BIKyMCDr7g+CPsfHXgsaQMVXBIB5apY2Oo3L2dMQG6xyVIT1wSR2ibjdaVIv8Ou/wA/yRlG9VqZ38jfuW9b1+p8dWtnFzTUeATDXOEA3IY42VDaQJbTgE84aDrjzUq0nQ6VyQ5bsAA/tHRXwdnRBHn9d9dFld9WQ8OEQRIjwXLgxofA/X9Fm+PnroUbMaeE/qKwk8Tu1+KPY9v25h99Aju7Dveu5hrW/kHwOs0SOTqCRPLuMTeOdfs61mDwPgUDesWCfk3pV6kcfiiSabM8F5Xjq0bozg3LOCyEdLwvnYttAw0CT2kAbII522AXYKsGjMRQrc0STJaQBAuTJmIuN29dPYtd+F2vsqoy2fH0Q8xIDXObTcCdAC0kEnS5kRK+NT1m5u3Hr+arYyNjfs5E1MZHCE1JPOx/LOCQQ0DgCRpFOnBJRwGHX56xlsU4GxdIaDYkg3AmCSOGovYL93bJe37BRlwE4WAZF3FrSALwSQHEAEmxi0lX8tmxNDhXBMbJl1yFiHiNG3PNCCWtW8jat3cjHolmNiG9baGOIENFGpWRGI7xNSLeVwLS5oIFUEEgQTVdAO8TI8VLg3cnT2g82Mtc2bA5WA2Npgi8G3Uos3lp+qmYx0HDsK6YjhN29WtZ2wV3mJcilZY5Iolb6BBYEsdd3DBtxSAuJowepidmOfTa2k4sdnBmSCRldzb9cG06W3rz1b0opsAFRzHXENkEzBvEk2EiY1Rbax/J8BNRoZAkw2ImiqWknE/a9dISYLJRmHvRRSJ7h+gD6XKKsi9UX4d+CLadcluVzRnfzWku5waHGBobAG4uoq22BtLC5GQKbA5xg2bcy52gAk6mBxNl0F/CRmbGX9X7ETylZHiQ6TQH5rH1q9NyBJ36h1x6uJPlvc9/+kG1EXuNjua7GDKQeY5tiDzi5sC288NV859JARsqrIIkgixuMr7jq6122/Cj+KrEch9aPXr8KmVpUsdyj0ewfp16icUnq1mr/wCsHp36hcdpyzWrUz2HF63hebxchxaz14oUXHGjVlV7NOxZsfRGVaTaNdtSmXuFJhcMkzM2J4jr3EtESvg23cLiBWwWLLnPwrmtaKYJdD2iHZWyQAbE5QBIJIkkqfgngkwU9aW0kdmVJZESTbHvchhsA77ds47fDeN92wd74O1OnNiKo1gaA674HE9m5eeg8D4FJmEfGx1nlvS9k0gCqnbsxhgD3oNHTbXXnu1868g9UG0qBqYg1qTnONd8HKbtLWxffeY9yQeB8Ct3HXsTB7JcyRNAZDG/aCrB27yH0uye4sBoroAD9SZNlAtp84ZeaNRB75i3xSDwPgVs3cxjMjE1Z3kjD9hLeRoRuJB8AnyRr+XXYkcR4hMruB8Ckblt2HKYtK1PuKxSI7O48bDAAdw0oOmJI1s7X4+8lOtyTw8ESJ38QR18Ug8D4FAWXoy2pe4aVWihDE+NNGdDWwfBCJvezsnWvGunR2i4NOYwcxsZ0gcQFu3CMrDM8wQcoBtYX3jiSjqfN1ZI68R2vtVYYft3H29+fJG9n7gaOvHXLcZc48XE+JlaZSLAGBYWO5B2WytSwskf5iuilAjBpow4IkO9bYa+3yp8761VmgCA6QRff2JvJa2K9yQnNUUJdyVaxD3Ltj4b6x5HwdAeQeozjqzSWhjoaYHNOgsFMpC5n+rCf9apTf8As9pJ3r7738bHx89SIm8sN7+vHZoAf7XwSf8As/r0RCVqHvSw3drvVzrW9bGtb2N/4DqKt0D2hE3Xsf8Ab/8Awf8A/rqoiXK0XaO7u3pj41r5UD9T+vREW1/6v+//AOleiJSjuUoiPdtwRsv9gt51rXkgeDvYI8+R89ESnFn6C9pWaEhR2/VYij2QNbUOdlfOw2tHyPseiKJHq/yavX5vkjDRyF/3amPnVqMMc8O1owxvH76y9nchiYnu7T8DWyN8jaJ57Bx390/D3rr7O6D+u3vnv7O9BHpvzZrHPuPwS8dy9KrYsy15r956NapXScxD3JGez3FG7Qg+kbMihu3z1DhqH2oOoeuQfAX3Hdx4das4v8Bx42jsg67tV0Yx+S4/TqpDHnsasDRMpL5CiY1V4isYRja+lU7h26/f8D6erP7IZSOUYrM5nM5AE6t5uWP3Nw3ZbLzzdB2DyS0vO+I1u1JOTYOF4x2AtlqA2UHa2gbA+Pv5Ot9W8Phzhw8GecRr1T81Xr6t7D8EkZ71M9OmxOQp5Xk2AmrXK1inPBFkqtp7EM0TxWF9mJyQxRtBdt5YkE9mmmqs5Sm5nrCPr68EwwJxFKNc08NAT4HQ8RZc7buVzsGezUHEs7wKfh0c3uYGzyjOPXyscBjDPFIkNSZpIac5kWsykSGJkjbZjDHn/s46x7vr+ltF6FN3gquYh9V+Ocq9SeW8N5FxbF5BLjYLjeRtyyGaBmkx0kq2aqxflYZ1iFgli8q6+hz8dCm3IxjIjI0NjsEfQ3KOr+G/2XeVveulK/iS9KWVXn5RVq+5Gn9C0NiQqdEupaOEja9wUn4JGwSPjdckNAjqMyg/lP4gPR3LVhTschS9XSRpjEtSyoLxdjQ9peNe8lgQuh9vI89XsFUOBbWqg/jNeY1s5p7db9nfCrHBzV5edHh4BsBDg47+oiY69wUF+S8plt8gzFvCctr1cPZyFmzSrPx+3PLBXnkMojMonjWVkLMAdIG8fueeuJiMIcRXfXiTUi8DTXzJXpG/g0ux3/H6+adT0Y9Z8fwC5lp+S5+zlq16rFHBHRwb1HieE2mYy99yXvLGWIRKAPhyWG+rGCp8ly7NC1jgRb1QdOuT8BNlBjj91SHZP8Vj8E/3/wCl16bqpYwZ+SRQWBGPALMNlQF9w+fgAbOz1KuasJ/GPwf6vbw/J5go2V/KQRdw1vX9JKpXfxtgAPnyPPVpv4J9l/xWIHAeASdP+MniAk7ouLZ/yV9sy2KMO2AGh+8+j3Dx/Dz/AA60oau7PisrSsfjIwtnVb/VLJCKw6wPJNlqKqElBjdpFWB2CqGJPb3kqNhSTrqKv0qns/8AEKSgQyvRcABlq0zIA3PB+C+ZLlPB1yPrdw7EZp44ccLKpclmTuQtQa2F+kuuii1+zXfvQLf2dH4M6jRr7YptrAFoxGKc2Y6WcDfOoJjyX6+o7TdS9HHVm/iUaGEfTgXDzSLB7nnuk3TaetPOPSQxZDjWGf38jg/zVCK9BdihpVLVinRaJZCfIaCQzWJYiQGFiPTqGD9dGqcHRqvpU8GKha85auUXLjmBB/dLoB6t6iwOzduY3DUMRWxzqQxDc76Zd0WPcfNkOtxtqmP4NX9Z6vBcnPwHidg8Ux0VS9Z5fnIUwuDOCr3aLwRVL0yQ0TD+Sx0V5Ja8Fyy1WvKoksTLK1mzyG0Kt/8AL+9uR+Xm7jfpDw6lzdrD0a2U/wCzVDW2htCo4UuQwwmo2QTypFuY1zWsPFz23uj309yvMud+nWCzPL8DHj+YvDY5FksDWm98VP2vgsAK9D9otVpxyW0BcujVYWljhWeJH7rCVamLw9XalGkyteo3G0gZ4NZA3QQBHbx1VHAV/wBk4io3FUa2Hwe0cBXNKlXB5RuSpckcHEBw6ipz/gl41maPPJOSZiCWrXoYrKmxPJH/AF94fnhYrdxYdjCxJccyf0hbtP0Atsdv0P2bimYuq+sSWNq5gZ3tMadmbU2v2ql6ZbSwrtjYdlGM7y1p9k06smxjXLc6juKfH8N+Vln/ANKb+InmXHcpG5xn4RfRzg080g3VizK5/wBTcg8cv19pSo1enNL4/q5Wk2PZ0/0TYtQ47aO0sPchrWjdAPOF41AiBrJG6F8g9KqRwGx9mYi/Pe89UkDx00GsRop2WvxLeqMdiaF87jY5K7mCVHoqpWaPQlXRlOwkhaPu39XbvQ3oWV45D9z8Rfqe5CDlsEC6DdsUMS7O2HcS/edkeD514HjeySJGsfiB9SjqSXmVtAAF+iKJR8kj6QBs7Pz+mv06IkaT1z57MfHOcuToDSMFbQJP7yxyMB5+Ah3+o+eiJAn9ZedTIUl5nnJVOgVjnsFvDdw0kcCA6I2T86+SQNdSUfxBfce+2nx7kSS/qfymRgX5XysrrRX8xcG/kjz7PjyQfv8AHVxEhT87zljuBzfJpZD4AfKXe06buOwsyHx5I8jR+fHjoiG7fKsxKH9y5mGXwGU3rrFtPsE+5YkXe9E9yN5HjR0QRINjPWy4JN9iV8lpnJPlvJJHkn5J+56IvoryWaxkze1HcgLISD/Spr+jWRyR5/TwBr5PRE335yvYDLDIJPq+ll12uF1tl871515G9g9EWp7D6YbX6lZR5PyR/LoiHUpe4wSQqUO9gbB8Akfb9QOqtYAOECOaPMolVIirBtg63/5gjqFFG78UWVy+D47xaXFX8rTNnM3YrRxU80MjxR0keMMIHil0JSCWSQEjwwKb3VrEh4gkc0eZV7CgGm6QDzzu6mqEB5dyl2Ily3KpUJJJktZeQ68kDta4AwB0fLDRJIGx5ik8T4qzA4DwC15s3nZ2DyTZ+XShQ0011F7dkjZluyoBs7AaNj3HQ02iMJA4DwCwrfy8wLGvekIJA9+Qyuw8eUJb9z7/AOJ6xAOoB7lnTSy2FfIaDrQsCXQO2aJfqP7x/rO4fJ+2/wBddWsOAA4gQZ1Ftybo3cNyUUlzHYn/AEGb91f7UR+w+/uef59TrEDgPAK9Xy7MF/ZvfvfmZo9L4+3a5/e+D/IdEgcB4BZvbzH/APSoP/Gv/wDt0SBwHgF77eU++Pqg/cFl2D9x8/bosrL+XyoUMKlJGIDISxbz8jYUNrR1vf8Ad8dEVwjyrj+mmrAj91UEmk3+8vlB4GgB/LosQOA8AvTXun5mrf8AehEv+HeB2/x18+N/A6JA4DwCpal9mVVtwRFiB9FOLzs6HdvXx9v5nosrZ/ZeT+2UjU/ZhSi2P4jZ1sfI39+iG+t+1Y3x9pWYS5ew0g1tkp10+3jTBwykDXkAEEbG+iqYoABkAC58gsf5Cc+Gy98qfDABNkH5Hl9fHRUl7+zE++SyLD7qRFo/wOm3o/B19uiK39lRMex7N942+l0SwV7kbwyiIfRtgSO0sAxPkjZ1kNNRwZveQz+I5fit6RipTPB7D4OBURfWv0vsWPVSlkvatPicrenzVW5EpdhWeCbNZCOZVBbuKxXI07O5O/s7mClm6+Sbe2C9m384luQueYm8i/jMbptwX6T9G9v08TsKLOFOkMGZAMuzNcJ3EgMgzexUHeHQV/QLJZ3L8b4Nw/kNLm3M6XLL8fK8NLJZx/IxU43SyUsFiBJJmr3q3EsPPEJlUpKZl7VjWNn5rcYKeZkAvY+oAYklweSLxvNuqBovQP8ARXB7baypUxNSnUfTY57W1XNygNaBYO0yMa63HuSfzznnqP6yzY3Gcikik4jiHxrSYPDVlr8Yo3aEMtf35YjWilybLVtzxmzdmUVkCV0Qjt7cHH4jEjJUBa0c6dJIERxuHExpu1EruYLYOwNiYcPo1m1cQSKZc853BhBcTLpPSY02J7tUaYvimVHDbpht24LWdanFh7VedYmgXHxyLPXmfY7as1nMUkGu4qRXll7IpI2PpdhX1vZxk9RN7giQNJ4cJXz70xx1Ju0qDabpY1rcpmRJYCY3ATI6zx0T2S+umP8ASD0fXmsrQUctJjZKGKxRmEMWRy0FeRbssrFvpoRwZOfJRyuV/pXpBlBEgT14xbcBgftMBoY8X6PSa/hBvfXQ3kCy+dYJ1fam2KOCoy/ODnF3AUg5uY6ne5vjxKT/APRacjv8suevfrrn5Ehb1QyXMn49ZcFDkOP8Qwwxv5mNT49uTM4C0YXDMpieJmKMzKvX9DcIW4bGbT//ANGOpPDjrDrgGbxbT3SbcX+0LE0RtShsukQ5uHwVRrxIIDwecIEwQ4dUboXUSzxnHckaXMcbsUszkL9HHZ3OYpBFDkEvZWhWv3JaFcHvs10t23riBN2VkbbxKpjZ+1jcHyGJzECMpHbJBAPWIm/gF4OiefH7p8x9b9/agSeqIppIUBRoWMcscqskscq+WSSNkDIwUqSrDY2N/PVaBwHgFaWp0gcB4BElyRmNgpIJI34/mR9/5dIHAeARYWbtUsRvWv8AzOukDgPBFo9ZRY5f6tv7v+IdESTP++P90f5noiQ3/fb/AHm/zPRF1bwb2blz25LU5Z0nPc00hJPskeSWJPyfnoieLi3moSfJXQUnyQCPIBPwD+g6IjtK5kBKohAOvhR58H/16Ik8VADsRRA/qFUH/LrBa06tB7QD5ovfyx/2E/wH/LrGRnqt/hHyRRo/E/EV4zxZyB4zt5Sfv9WPQqN/oO1v5E/x6q12Mzjmt6I/KOJ6lfwv4bvbP6WqFfUORnqt/hHyVledq732rv8AXQ3/AI9MjPVb/CPkivDuNaZhrwNMRoa1oaPjx48fbpkZ6rf4R8kXqEd/c/kEktvySSD5O/kk+ST/AD6yABoAOwAeSLbRlYfT8Dx8a6yiuBI8g6P6joiu73/2m/8AEf8An0RWEAkkgEnySR5J/U9EV4Zl/dZl/kSPj4+D9uiK0kkkk7J8kn5J/U9FVxLnNyZXObOaYJE9HWFXRSAnkM0meTJmTM5TedZ61QJB2DojyCPkH9eiocpU/wAx/wDE75pRUn8uW2d9jnZJJ3o+d/Pj7fp0TlKn+Y/+J3zSeSSdkkk/JJ2f8T0WC5zuk5zo0kkx4ledFqq6mogEukA23gHf1ovQSCCCQQQQQdEEeQQR5BB+D1YytbzmgBwuCAAQRcEEXBBuCLgrZnTb7TfMIa5/QtZbibyUaRt5DFwy0028R/8AZ9ohJDuavY9tIEkKdsYjZYVZY3UN2PwdpYZuJY+qWtdXuTVLQahGV0y8gu1I3/Bew2LtOpgKpp8q9uHffkQ4ikauZsPLAQ0vy5gHQSASN6iPzfiWOwFzIfm8ZUnpZEftCp7ohnhWSOGyVrVomjEtKMyxJEZUrxKDEiDasjH5pVwlDC4us+tRpvYXCA5jS0OLRJAIIJJJJ6wTJmT9r2Nj6+PosNCvUa7IQ5zKjg5zWksALgQdABBOgFosmMy35ahZkxVN61LH3b1yKxj6VYxJ+zbs+Jqwfnpo1LTgtFNesQusokJfuB912EOJDK7abKLGMdyoc402tacoa8FpgA5SXNMaWBjQjqhhw4qVcQC9pY5v3nOhxIII1IMNIndO+6FeXd78VtYyK61laMNHHrSd1gjxT8mvZXHPJWnhWKZ6GPvYfD/l63ue1WiW86r7E9VY/Z7K2fkwtJwbDjnJcGwbOOpbqIkdW/evmXpLjKRxmH5rZJOsSALCNCL3F47Fys/GT6vZj1B9QcV6T8GnkuULK1+OYnDQNF7cslh6uPvRvHV3Gs1vMVxA8/a6tjK47i0Kqqx7ZDtoPo7PwxLBWxDBkpksB5tQEZQQCJIt1iFN6Lsp7Lw2I2tUpsFWlhak4gtHKgZ6bo5QgvA5gtmMx1Lsp6KVK3o/Q4B6YYIrFi+BelOQwN+CqRE9y5lOL5dbfviEIr5DN3mlz0nuKZPzMz+6zzRe432XY2CZgtmYfB8m1gY1nKMDQA6o0CHOaBBcNxNxovhG2Ma/HbUxeMNR73VK1UtqOc4uyucSQHElwBm4m+9PdxDmvKsLkKOWx2Qktr+amSeTu/LWHo0pMhBRmr2IZ4o4rTY7Fw+/+Yr2BYdo5/djb6ZI8YA9gLhmOcXdc6O3mVoCRoSOwx5KZnGfUnjnqnCKXKTXxOTg7YaXJakZW5WlDp3UOT0zGZGZZiZLEdkLerRnvhc1rT+5zsjPVb4D5K3SJLJJJubkyfekvlHGstxHI/kcrXlZJkM1HIwxk0MlUjCRLdpyqBEYnIAkVdMs/uFl897UVIgoszHbEsfjZJJ1+nnoi05X7j9JPbobHkDeyfj/AA6IsXRFqSv3HQJ1rRH22Cft8fp0RaE/74/3R/meiJDf99v95v8AM9EXVribrJkoew77vfQeCNt7O9eQPt538fx6Inf4sx9grv6SuyND5B1vfz/59ETqxw6UiNfp2d+fvof7R38a/h0RaMsBDD20Pb2jfnfnZ38nfxroixexL/sH/wAv+fRFGT8UUe+Hcdk7dmLkroW3+6JMZa8a3o9xjHnR12/I35q1+mPZHmVfwv4bvbP6WqDhIUEk6A//AHfbqFWVSsGG1OxvXwR5/v6IveiKuiK5XZd9p1v+AP8AmD0RZzKOzw316H2+/jf21+v/AKdEViyt3Dub6d+fA+P7hvoi2gQQCPgjY/keiKuiKuip4v8Aw/8Af/xVdFPTANFoNwWQR1EQVXRY+z0fU/8AJ3/ZZBLIF7A306I1ofB3sb1v7/r4+3RUarQ2o5oEAEADuCx9FGq6Iq6noau7B5orlBZgAFJ8nTsETSqXbuYsgVQqksS6aUE9w+erOqAwZGouEwvqh6l28Td4LhuOxvP/AKxc1w0ZWXtjFnEUcpRbJWblcsJoqdii94VK0sbyTTUjNIECxp1BUpsFN8D8jt5OgneTwU7KtR1SmC4nngjSxg3MCervQZY5/wAc9duNT3OH34pMjxLORYjmGIVfy17FZuCpFHDDIkkQeXHzyWrBhepE9WeWZZHld6cph8ZtTZNHEUeVMAuzkCSCC0lo0O/LYxAvwX0/0Y9Iamzaopvk0wAAYBAzc5xkjcXGdw3aKI+YrZSHOY67Xrz4iDF5O1VbIWprVqGOjHAYnuTQqQffkvW5KCSdrJHEkMihXdph53CbFrNrsJmm0OGYkkgiRzRMgTxFxC9rtL0pwxwr4IqEmGhpAIJDodDQOsXkajdaFP4yPxIY3iEFzAYgMJf2Dx9Gmpyqkk+QqyTyJLpWWKP8jFJYrGJK0KSvqZ1mlAnb2eLx2H2dQZQpuAc1oki8lwk9MOiCbwvnNGhits4nl6kvphx5JkABsHKbtDTuJ5xPFRP/ANHt6bWfVD1lzfqtyRXmx3CoZb1eaQLHHBm8nX/ZlCvHFXaNPbxWIsXsurRxNE11q3vGSePtji9EcC7Hbabia7eUp0aoNORAaZbply5ok6zr1X6PpzjTsjYtLZ2CecPWruaMTADzUoclXztioH5PvOSJLcrhlAaQ0kHrdwLPRZTkHJM5Zse213MvHFKzaErMVoL2sgAVI09yrV0F/oDLKR9bSN9srmmaruTAa0WgEm411lfBKJJaSTPPf5z2eCkfi1/6M9ZY0LVcfTryKUqWmeaStjcUncK6pIEE926XaDb94LMSnYw5QpsqBweMwDHOAki40NiOOhsuqizD5IUktZ2Duq3rUkqm1UW0ZFjSC1LUru2yksTLcw9cQPHJHXhsAx+1LDL7VOjSpuD8zZIqOaLusABA1E6m/wARbdr3tEAwNdAfMFS79IvUKtyrGT8H54Ld2jauGvjrjTErj8mq2qtifFWH7JKsdsVvzb42US1PEfYdssSc7kqfq+8/NXVbz/0/yPB7dd5HS9hMjtsZl4FcV5WKe+alkttYLkcLKwj72jmjHdDLLJHZWKCs0NcABAyg+8omu6iRYXlXtPa31eNeD+o38jXxvoi1fnoi0XYsx2d68D4+AT+nREjv++3+83+Z6Iuo/DLRGTpjcezYlABPkk1j4A7vJ1v4/ToieTi1liiqvYSSiMBslQT58d3g6/UfB+OiJ4KtlniLDsYFjojyCNL5BB0R/Hoiv6IrPcj/AOsT/wAS/wDPoijB+J1VbgeJcNsryqEeCCNHG3/n5P8ALz1Vr9MeyPMq/hfw3e2f0tUBnlZgykDW/sDvwf5/w6hVlZIWUKdsB9R+SB9h+vRFmDKToMpP6AgnoirY3rY2fgb8n+7oi96Iq6Iq6It1CCq6IOlXejvXj7/p0RX9EVdFTxf+H/v/AOKroom4io0BoywBAtw71XRZ+01f3fD+a8Y6UkfYE/4DooXOL3FxiTrGnBYo5e7fcVXWtedb+d/J/l0Wqyd6f7a/+If8+stEuaDoSAe8or5JK1eqLtqxDDCxAgT34hYu/Uyk1Y3IDorq8byAsoZHUdzjsNxtNrCSJvxKJsfVbmn+p/D7V14TBNmpquIpUHsPJcmqWrKw35LD0hBNUS2O2nXFeaGz2zykWIJPYkk3RRgbLCzzzDXslex8cnHIUisrJPXXH4xqePt5DKXrNhGdq8GNXI5Az3J5WJhgsXbDye3I4wQHAtOhBB7CIWWktcHDUGROnfxXCnnH4kW9OvWf0/8AXL0F5vezfAOY8o5bxvk+XwrmbimUqy5m/iqE+aSGNQ1TF8nOPFC5P+XaWrlVnr2JK2RoMfCekzMZhG8rhpNJrmvAdewDS7QttmzD+cr6P6JU8FtRzMNtAlkyxhpO5J2ZzyGkucHWE6D3b5X+oX4r5uR8OL28e1HMCRKd3FJdCVLMjTyXhKrgxzWa8k5AZEdXUiGCRhNDIG4P/qb7TQFPmMrZw90NI5gBaYBdIuWxfTrXo6nojUwePxGGqmrUawl1Il8tNMFoEkNu4yL6RMLklyXFZn1D5Bd5FlLMs9CK5cmQWGkMcitYEcUPdISrxqr/AEKCCO9SCQQDxNpbQYG0313VKjqzgKQYbyHQZEOJAIsBfUcF6/YWwg1sMaafIZ3V3PjKGkl4A0Ilp8dApyfg39auKYjjXr76G4bC28Ryz08x+DyeW5PHLHJRydjORfsjkGFjkjiRa2Q4jnsn+x1WWaR8itE5WKGOpKsS/e/QzBjC4M1S0is54eZmJg3AgHXieFrlfnv052xiNp7cxriWfZKL+QwuRpBNMySXHM4OdzRcQIOl5U9PT4F7WEp1YRA7iWzcgV6ymCSwmNqUqlhbDHVynDeimthQfbuPINgKyD1VSo5j3QekS8ze7rkDgOAXjqNBmQm93Em+8nsUrIJWkrCw7e20rSSguI4THKz5S/WKGqWkEqD9noqyKUPurte94dUqtV1JmZkS45DImxBJi4vZW0ULaipmqryRIVgVYoW92GSSVrN2y4khKyCRZK3HoWrkKjtFLsF0eMikyu9gIEXcXGRvMTv6lPTptc2TMzuO4Rr9aJ1MHkY8fDFCa4eSCSM2FIfveL8vYtWgwSVZFm9iqqiRER1ktfv/ANKiiFTVHFjZETI1+gpSemnPavKKF/0v5aJ7+EydKZK2Tdo5JuP5Cn7UnuuZPoR4ZrAj03ZJDDFKjHQk3G6m15BM2EWIjUnh1qDln/u+H800PLeN5Lhuav4LKhPzVOUKkyA/l7cEpdqtuqzaaSC1BG00ZIVvplXRETMaatDQTrvQj0RWuxVSw1sa+fjyQOiJNmcqjONbGvn48sAf8+iJLZxslioJJOiQPk/xPx0RT99NeTV7nIMdGJS+7jLrfgd1dh3efuPH6eCfPRE+fG86gsfSxQGQjQ8+UleP5/iFG/49ET743NQCvAnjRQnfn5G/Gv7vnoiU/wBpP/1S/wDiP/Loi1PfP+yP8T0UDKpc4NgCZ9wJUd/xKt//AA+pHXlOTU3H8S9K8hH8gPPVWv0x7I8yuthfw3e2f0tUCSdkn9TvqFWV50RXK3awYDet/wDmCOiLbA7ij/BC719vqH/5eiK/oiroiroiyJIU3oA718/w3/z6IsizEkDtHkgfJ+56ItjoqeL/AMP/AH/8VXRU1XRFa/7jf7rf5Hoi0eiLNDXewZFVA6RxSzz9/mMQQo0kobXkl41ZVH3YgH56sU6YIa+TMzHYf5Ion3PULJ5qjh6EV29LluRchyb0smJTDNWWSeotRElQhHpxQXLkRqSxSVxDDHG0bgE9WETKeo/LpuV+s1TjtPIWb+C9McU+bzVmxMqS3snRjs5q7XeRESKVFlpYunLGY1Va1gAEsWYkQNl+G8g9XfSz1qxtWy9a7yvgPqxjKJGxZnyOY49yfE4yCvYqsHRXty0Kyyq6srS+2e0Hoi4NcI4/D6McN436Y8843Nk+AeoFuxj+R3GgS5a4VzLLU7lGpkYiSj/sq3Ywi2sxRhkgdHw1C7Ud7lSOObGMwVPaGDbQeMpAeA4AFzpc4gX3bv6q9g9oVcC9lSmYNNwfMkRBkm106bYzLUOLScUyssWSzdBqU1C60UkL38dFZetHcYS/0iyH6Vmjb6kDQ2GPt2oS35+2/s3E7H2i7lqXJYSCwVRc5yQ4CDa7Wlx3iw3hfqP0V2zg/SbA0a2amccyiWloJJewFgc4kmZzFtgYvdZ88mP9K/TDkXqDmKVS1JgaTzYXFW6yywZrl19Fi41ixUfSZGpDkTVv5WLu9mWjDJUlZTM2uv6G7OZtfabcXiWZtnbIl1RxaCH8qcwLpt+YaeYXD/tE9IMP6N7LqYHCVgNp7XAYxodBp8mA0hpBJJIkwYv1gBI/4FfSnK8U9L73qRn4p7uZ9Us/e5bPsSWLmWx9TLz8b49RtsO59XLVDIZOcHavIldztm2P0Rs1+SiHBgEyIvFju8NF+XMU91R4w7jJYM5qnpvIAbzhp+Ynq0XW300xM2PgqX52WS4EuXpGmxssjT2bM+VyEne+wVRBVrCNVBCpEigAAdSYjFEVCMoPNG86qNjQwQDOuqkVRRY+5Y54IxEUQNF7tYOIDx/GSlo2DedRX7JYbJkVU327PWMT+H/uHxUtNoe6CYsT5JTxN1JrcfbIZkq7mUx2jp2x+KwNZ1ZGBkHdLfvKWX6e2Y/JJ656tsZkEAzeUV/tAmy8NwqqSMa7RWYGBcsauJuSfmVP0lkoWGWMHau8hHhvJHtDxBMJYXluRxlri9aK2ad/JGXK2pYJEbWP7ppTD3odO/vWLEx7/MkdFUcBT1Yo0BUaXFxEOIgDqBn3qpUYGEAGbT7z8lL7lmWj9QuF4XkhaP8Ab2KoCPKF1AsZCCLLPismugABZx1usmRZQSIqdyeNNqF3XxGCbRpOqB7nQQIIA1IFzPWp2VS9wbAGt77h9fWrG9c9TLBM5H0a8EA7/v8A/wAnRFoWP6l/+7/xL0RIc/74/wB0f5noicr8OXMbmS51xlHk9wWcvaRl3rUbxWyRsDzon+G/4fHWj35BJE3jzU9Sgabc2YG4ERGsqZPEck9jM5eNyNw5i8hTfl+27Infv7Dak6IJ6MfnBMRBI8vmoFLHCN31YTrWu4fO/wCyP4D9etW1Q5waARM+4EojGnETKsextix3r40hP/p1KiWPyh/2x/gf+fRUWOyuDomJtpqCOvio8/ibrGP019wuCBnsWNaI/s2vvv8Aj1Vr9MeyPMrsYCrys0w2CXTMyIIHV1Lnl1Cr5EEjgYVdFhV0RXhdozb/AHSBrXzsgfO/4/p0RWdEW8n7i/7q/wCQ6IruiKuiKui1c7K1zonKCY7FlicKda33FR/Lyf8An0VCtVFXLDSMs6mZmPktvooFXRFilcKNa33Bh/Lx/wDl6ItQ92j2qXb+yo+Wb7KP4k+B/E9bsYXkgGI4osHNbT8f41yGlEw/Nz8Uyli3Zjb6K6Woo69SmjjerNqxNWjkZCsi1ltwr4lZhbY3K0NmYn3klFz8fkFDhmHh5tkpI0scT43m1wdVmZ2tZmzmM9LRtaYl9wUhRCuQwUSodgKAdkTA+nUlir6f8v5nfsTDMczv0K/uyIDLKmX5DXVyykr7kdTH4epEiqAyJaViSJVHRFIn02qy0eIY9dJH3VarzSyxtFr81HStShmLHu9trRBA0WERPj90EXPv8QnpTQ50Ic00VGKtSyeCz2a/K97Smli44YssUh0GlnGN5FnJo4wQ01oxhQvevV2iYYw8CT4OKw4ZmubpII46iNEy+Y9NMlyStxG+62YOU8PnxeFyUEzPAslCeKjDmrCwqySTxWIrH5yoI3DG37UsUglrhjwfSbYH/qPCOwrMrKtSo14qFpcGENe3MQCCRz4N+F16f0U9J3+ilejXFOpiGNBpvpseKeZpIdAJzQZYL7gmS9XuGcx9fM7w3gFPjV3jnp5xexPeyDWLVeWfNXZaFaaS7fmaCOIXTVWCoayRax/sS1C8vtEmxsz0eo7D2eNmNyF76dNuMqMblFaACyASS2GmDJcuP6T7cqeku1HbSrNezk35sJTe/PyPNAIcQAHSQTYCJXRf0149i6PF+C8TTF4mrHwHD1sFI0cwQzXqWUyAYWSK49z9nUa/uxM0kv8ATZLJQxsiwOW7+Gq8hSDCMxknMIEz3Lg1OfWNXQFuWN+oMz3J/cFCF/6NHHGvtwx1gn7QmMnbYTjVCaUjwAkhtzMAGJGgh+e7rWq/lHlwEWAjXTuCIxfJTV0mlJsRNXx124vfdWIo5q8jsQr/AEa7IlGYiRSSRte7tPgCWrXFRuUNIuDMzpPUrVOkWOkkGxGnYlfDumPwsk91nU2ZLEUC2a0Rce5malCSMCIgsJgokRtgL2MpU7DCstn1AwwQTafefkt2rZa7GtiCSt+YsiW1I8FuYEtPDbMY9uYMP6S3n6svfvQUBANt3KWz3ZBJE3hJfEchJybnvMM0wVqWOtY7jPHodla5TFY+vHbqdw0yXHzTZS140v5fCWVcaB3fwv4bvbP6WqpUeHkECLR7z81L/wBO+QTYC5XpflHzNC/Ddiu48gTPZS/E8OcVk+n8zDlYonhrwqYz7DRqHk7gemLaX0HNGpLeHrDj9dywx2VwcRMT7xCx5vHTYPJ5HGT6d6FuWusqspjswq+oLMTKzqUmiKORsmOQvCSTGWPDew0zldrE+fAngrbHh4JAi8X7vmkAnZJ/U760W6T7X9Yv+4P+JuiJKlbuc+Ndv0/z0T56IkL8KGSnfn3DTI7drZyNh2se7tkSw3aSSNhkOnG9EjXkeeoa3Q7HD4hdOsw1GZWkAyDeYtPAFdBeIvIOR8iIdh/7eySrpmHaBfsggaPgb2dD+fz1HTqNY0gg6k2jgOJHBc+pTdTIa6JIBtexkcBwUxuOTu8IAeTtWNfBY67j3bIAJHkaBPydfwHUbHBrg4zAnTW4IWicamzdwPc2wzaOzsfR9j8/c9XGPDxInWL93AniiLEjZxsEfOvO/wCH6A/r1sqpovkwBrxUdPxNSIfTW7XKkyRZjDSBiAVH9PLGxUk9wYhwP3Rtdgn7GrX6Y9keZXT2dTdTcajoy5osSTYX3dY3rnE8iodEH4341/H9SP06hXQNyTxJV4OwCPuAf8eiwveiL3Z0Rs6PyN+D/MdEXnRFd3MPhm/xP/Poirvf/ab/AMR/59EVd7/7Tf8AiP8Az6IssUmjpix7iAPO9fP6nx8j46LSo0uY5o1IIErZ+PjoudUpOpxmjnTEGdInzV3e/wDtN/4j/wA+ijVd7/7Tf+I/8+iLwkn5JP8AMk/59ESLneRQcXx5y89eayIreOgjSHsHbLfyNXHRuzPLF/VyXFlVR3FjHvW1UGehq7sHmiHueZSS1iruHcpJIf8ApOSsqAleZ61mOzBXRFGjFEk12NldEDGGm7Lst7NlFyu9aLeQyVfiPHaomjefB4L8yFRffWWfCrlrQm7JP6cSxV4YZklkAeez2HYYydES3zGjXxUfpz6d1vZLY+nDlssyzWInFiCKQpIsjqAZXXAiYBpARP2MCArtERSJrSImJyNOOQlKuPh9mOOw86xzQTT0pJEVgIVdRXrrG6/X4dWCAaJEyEGPNtMlBYjlkjitWmnDV6jNJWoHHGeLfcoZJVoTrArKqsVjD9hDMtinUa1rWmZvutck8fqe1EK5TiMWd5cleBI8dYyMsUNbJurTzKIlmp04YkfsT36dyjT/ACP9KB78ssO4kCM92lihgxVrFpdFIgAAEgl7CDcjhrO9R1Wl7QBEgg37CPigybj+CxIuwVMdR3Rv81CCWGX3Jhes51cY8hVn9zSyVmDFiY9RmEsQuouXqYiK1WM1QA29WIbNhfLEqHkH8W+J+SP8ZSfHRXB/SH2Tle72aGom9v8A1vnieJXRX0GuM8TO40jdyhS3aCcg/i3xPyRhU7qzyTKkSrJO4XuxjiJPyt/KToiqCWVyuIrAjfb2xxDyFXsKNzSwwYnq+grJHR0ERfHkWnpUChpXPaMdibiWOLb9vu3GrXWC+32rFI5X6ndAV5EF+WSa/gcLCbESRLDkbTVZw8a+3byt2dJY5lG3e1jplLHwQkO9HuKFDUpue4EEaAXnieAPFFNeaSJZUSKXtq1UiVnx66DVVpzQMfB12WcG6SH5WEIqg/UibMYXuytiTOvUs1uge0JM9IIlgwmKyMzyQnkeQznLZEZBHN7/ACyxlOUyRTBS6iXCYfJRUaxjcFJ8nYj94xyP3W2PGHGSoDJObmwQAYF5I3tOgKqKQ9G80udq4CtaajkZJKl6zLQIEuJWvcqrVpw2mCSVIq1dGRHrr3QP3yRIHoVS96m1r3hrtDPuBK1c4MEmY6tbpdwNnI5fFZMTLFYODmuWIpK6SGz+zLOVHux5CWaZnsS0Zb+OFOQmWRqtmwbFieREZeVtSjFdnJjm8i3WxnPUnjuhTUK7Mhs7pHcOA61l65OiuC4B4pNncPJsbHaO0718gt8aJ8eeiJLf99v95v8AM9EQJ+EuyP8AX7gjPIfbbO0Uc6PnvhlGtAb8kgeB9/nqKt0O0j4rsLozxOwg5byeP3AFi5DlUKkaCsMhOSPI86B3sEjz89VFUxFKo94LWyA0CZAvLjvI4hS141cIgiIlP1Bg2lPkBARv6fgbJJPgDZJAB6Ko1rnnK0SeEgadpATs4sy2XUxB50DuCYVMig6KAMYwQO6Qdqb13kr2d3cu56T2taQ4wcxOhNoHAKT7PW9T/wAm/wDZHEJcMBp+07JPY3Z+7/ta7f0+/wA+PnqXlafre53yVdzg0EukAa81x3xuHFR3/EtXVvTDP3Cw/or2HMY+W2b8UXeFH1a75kGyNfJ+FYivVcHOBaZGUDQi8nir+Dc19JxaZHKEaEXytO8A71zP99JG0GJJ3rasPHk/dQB/frqNW1twyAoSST2sV+CdaA8eB9t9EWTvX+P/AIW/5dFEa9IEguggkEZXajXcrz47dkAsNgbGyP5fI/kQCPv0WPtFH1//ABd/1VdE+0UfX/8AF3/VV0T7RR9f/wAXf9VXRZbWpuIa10k6CHDzELwkAEnwB89FKvQfgg/oQf8AzB6IttZU0Nt50N+D868/boqeL/w/9/8AxWUEEAj4I2P5HoqaroiroASQBqTA7Siaj1zMlX0p5FloE3YwuR4jlldpVjjSnR5fg3yTyFnRSIq7rNpt6Cb7SCQbNJjmk5hEjiD5Eom55LyCa+l6vDK3ZlMK82iCoE1usvuM5IV0PtZWpZIJQj2lVQG706tBji3MBzYJmRoNbTO5FEw4lsx6pyQSRe7DjbccHbGGaNI6NlINd7kiNIKWDkUPI4jZR297e4BJoiRK9uXlXqxyTLILQrY/3sLXAir3IWkiOZro8S7KIytlIT7u+xDaKudLJ7ZE+OKnknr5NZFmUWaN2RVmhiiXvd/zoTsg32lfzfuD6tN3n+0O1SIFxlL8zZyaVhWJnluKna9ouwtTcnECvCwHtrNIaCM7soRTGZCilioEAgnQXO+w7LrIBJAFySAB1nRDucvzW+Uy1sZBNHWxWV45+Vep2xgtczGG5C7GSx9R9u7cV4tHxE3tOSBIg6NPkq1Gq516b6ZawuBbL8zXAQ4AjmtcZIAga3E61HNpPLKhyOF+cC1u7RxAadbAGTe1jCWcU9xazxLbJepiYJvpqdnuyLhaikzdze48c1iR28HTlg7EqQdqmQFopkFoYwCNJDQCO4yOHCRBIEOEtII4ggi2txwShZg768u1d55oShEOTlDtvC4zfd47FUnJTBidHdliT9P0aLDXtcYaZMToRbvC3blhkhcatCQGWx7kd/327XpZ6y5MYGgCtqCQsB3AsE1vvClDVpvc+QJEDeB5leY6aW1mK7Sw3hFBYaSQNLGESCpdsSMfn6yxxXs9qhnIjUqCGVmKwvcTfgyWb5NeSagJa00mHrK09iBTHGuceZ0YoYwfzucUklwxLHtX2oyVIjLK31oYjOX5lMVavQzVxnTMk7WtYzkp/owzTsxisnsVI9uZFjjV5NIJaDmsqBzjAAN4J1HVdRVuge0Ih4y1ejHUghVHr4qOHFQpIzQxXZUaKGdISVLLPHmLaLIoC+5Sws6xbrISZagOIqgUeecgHq3lx/NlVREWEy/ZZyuQeVA1StSiktO3dLfylrua17ske9VStq+IUXsZXq1TsAgv0WHJiOQeYqsBzNF/yz0hLTxsTuUdb8M9ceYPwTk4LNtx7EvfneOFbEGPrXo2SYmWvIUpWKyxqpkS1WFnIxgzqoewlCYGRK/ctl9BtYuJIljAXCLhgcYMxe8iBJ1soqT2taQ4wcxOhNoHAIqkQxSSQtsNC7RsCCDtT+h86I0QfuCCCd9eNfGd8aZnR2SV2G6DsHkkOcke4QdEMfP/AHutVlJzSKp+o+T5+Cfk/PgdETVfhNue9zjgvteCORY76NbbSxtttHbEAsoJA7f5dVatWk5kCowmREOHWuwp6YbMiDn/ADOBnBkj5Ll/pDKpVRkJthkB3sMGBJAI2AfI6rcoz1h4ojT8SvqFyLiX4dea8i4bkpsZmsd/q4/5+m0f5ivibfK8FQzcsbMjhAMRYvd83bqGMSSh19ssN1RoU3tqAuaQINyOpcr8f6o8pzNh83kORcgmyUkcSNegz+boSP7OggYY/I1YmkX98t2d5LbLFdAFeUlsD+Jj1bgh9pOcZrshHbEWnLvsgBgXlLFz2nzssdef49FrVwtJzCMzDMGBcm43SD1pxYvxB+ofI8bPheQcitZbHW1hmsU7FkyRyvBKJYe8KPaBjkijlCsysGRG1vt2UVNtLDgszNbJzQTxAE345evtW/QyVayImsQIiONkxuCNe33A+4DoHv8ABBO/Gj89FvytP12+IS7WwuOsSLNFLk0EpaTZyd2TTMpYiAyzSCGHz2pDD2QRjuEca7O8hrjo0nsBPknK0vXb4pS/1MisDuXN5uuG+FaeCaIA6Yb9/uGgD2r3gtvRIDaPWcj/AFXfwn5LnVCC95FwXuIPEElb1T0+eNlkXkeSsL8mCWpTEDdyEAPJBGrN2bDK3ksyr9iemR/qu/hPyWiUW4DeKM8OVpsPpJEta0TGGPhXESEsxGwSmx3DfhfPTI/1Xfwn5LUvaDBc2e0buPDvSBluA+oIeD/Vy7wW2hTunGZHKKr7Yv8ASj0q0yRtH2hWEsZEoZTF42wZH+q7+E/JM7PWb/EPmqg4D6lVsJeyWYx/G7dykJJ5anGclfkj/ZosdsVqt+1qEMs9z8ruxPULAIVZB5Kgsj7DK65AFjqTAGm82UlKpTbUYS9gANyXCLgjikLasg7/AKO9QSrbRhsAkENpgRvRB8g+D56w4FrnMcC1zTDmkQ5p4EG4PUV1Q4OALSCDoRovQyAABl8aA+ob/QffrCyruiq4ljnZMrS6M0wJicseSyCVwABrQAHx+nRUiCCQQQRqDqvfef8Ah/h0WFXvP+o/w62Z02+03zCIa9UKdfJ+lvIOP2x45Ji+Q05C6D2ytiDDJFHK5A9oMtf34jsHsWWVDoMReRQCwfNLeS4hjMilz3MuOOu0wLq9hc1UqNg8xRkrwlpYlxWa9qCxJZRVrNi5Em7GhdUstcOSyyM0OETckzAA1MzZEtx+zh7vKORWHZZmnjWvLajmbvnZqULqQq/UskuWuRxswKv2nW2j6gyP9V3gUQd+Gn0g516gpLyLEUMXHir2Yuyzciyt5sbjZdScdmlgrRNZS1kZEWCyzfk65XuYwBzYaESYIIMEQRuKwHAuLQQXASQNQIm/cZ7LqenDfwqivchGf5pWjknqxxyDj+JmKAGGpBZKWcvkFVAGr6TvoIwcB0EkIJkwt2NdUJFNpeQJIaJIExMDdO9LEnoF6N8MW9az3qDyuZxMEkZLnHWtGyR2qsNCniJJZ0dg020dgqlhtCwAlbRquAe2m9zdZDSQYMG4B3ghSjD4iRFJ4M2Ja6AeJ6hqVzqThuRt3c9ewtfGX6lDkOOrR2Rm4XtTwYWDH0y9+pHM02PuRz0IPzVWZEaJ0kjkVSSp4dX0t2TSxFXB1qlMtw7i17WPbmp1p5rHgE5TlL7G9jwv65voL6S1MPh8XiMECzFsFTDnE0yylWpm/K0XOAa8TaQTIJ3JU/YGZ47JJYzeNrCu15ZDLUjnyEKCGzVySiUV1daxc1PbhLdoK/Quyw30MNt3ZGJYDSxmHp3I5J9Zge2CdWkgwYkHeDIsQuPtH0b2zs2oWYjZtamwBpFSjRecOQ5odzagaWk35wBs6QboXMkM12CoZawUSxFks05kYQmtxCo7d6KAR9UkWwSA6uDp4yB1nEMaHuIaxzg0OJhpcQSGg6EkAkDWBK8y0Gi88qDTkEDPzbyLX320SRmr0T14lMmOLPXJYEWID549X19Q0293GHb/AGvcQ68J1lWAQ4SCCDvF0Q4L2adK9ecJHMzEJ+XWzMxRuSZhJZNTdyez2PBG7D91pYxse8ASEgakDtMeaEOFZ55sfZsvbKPayUtkJNSDEpZm4wQ5VIy5DJbleNyApWRSp0VPRAQbggjiDKXeUZGq/BeWM0lW0f8AVfJJGscEsU5sS08TFXSLvA7ma1dDIq/U8sihQW0OijrdA9oTm4u8IMRkDDOLDVIZKFZ4nR5LFqxic5LbtEAsY7Es0VwvKv1wrPKwK95PVzBAitmIhsAZjYSJkTpoRbrlVEa4nGf9FqVnij9ubItcs6IANalLmY4yD/8AFSSD9lTvL5EbzGPY8A3sH9/VxeJfOaWhhP5hIBIve06cbwQVFX5rS11nGCAdTBEkDfb6sr73M58rjMq9Z5HxsHIMLFUkrJ7X5tMXczE92w0kygSvarUFMj9zLIAJvLOT1facorvdzWGhlDjYF8kloPGIMdapyC4NBlxEhu8jjGqe2GxYenBLblR8i1Wkb5EqzbvirXS6Q4JDKZ1kKEeOzt1oa68VVY5jyHNLZcYBESJnQ9S9A3ot9kbo3cN3YtGZgVbZHcdHWxs/UPOv8eo1lJMxBcaIOlAOvsdnx/PoimBwn0x/Cx6f5/BXeI4XPi3Qsx2YLQGclWKWEgAvJZihi7h9LMg8kdpUa798CDwPgV18zRq4DvCdF+Gen+cyHPM1iMBmVzMKjLe+cfdr/mL9uxIAF/Me0C0jBmKiMqfGm3sBB4HwKxnZ6zf4h80h829KMlyj8PvqdjrNOVbdj0+5XYghYse58Ni72WgHa6v5Z8eAVH1MSQhR2Ui+mdnrN/iHzXE3BywzYyrJEAokiR2A1rveNHbt/h5152fHknotkaxTOY2BbSlvKglVPhfJ0fnevv8AYdES/j55I7Cdjsok0jad9D5JI+rwfsd7Gvt0VDFEGoIM8wfqcnFp5TIV4fahuTqiMwBErhvt57lYN8ePBAIGteTsqyNcVyDMo0GspcHaGChp2YaMTHyrllPyQNqdeCPI31ZodF3b8ER1juV59WUjKTfSSBv2yP6sjyOz9P5dTojKrz3k6x9gyAZVCqO+GNwQqgDYIKn435X58jXjRYkDUgd6XaXqJyNyI5HoyKAAS9NATpW0W7GQEkgEkj5+AOipP6TvaPmUrp6gZxAwCY0g62fyrKRretMkyMN786Pn4+NglqnA4Ty+zydOQcet1gkuQws9SCSHvRS0yPWlO2lkIQrMCpGmHg7JHQWLD+/T/W2/dqsH4jz7D9bxqo4ccsmzx3DM7vJLFSjqyySHckktJVpTvIdDcjWK8zOQADsEAb6rYv8Av2M4GsSDuIIkEcQdx0MFeiwxHIsuDYSAbjdfholkHRBH2IP+HUCnW6DsKToEgH+8j7dEJA1IHarui5lb8V/b8Aq6KJUT2gn9PPn48efPWzOm32m+YRNRzfkzSDLYxpIz+zs6acMSq3d7McKU4/c7mIf3I6yvIUCr7zS6VVKot5Fy5yuZPCOfeoPHZy8GLbNW+UY2BJAj2cNzIitlpmkYMkUNXldfJ5KRY40VTdQqCi9vWzOm32m+YROlzi3ZTFyx91iLa1bNh6OQDqztbtzMFidHUKj0Iu3uDjYk7y/cO28il7+G3kudxPoJxWljMpex64nP57GNBGYO2J2/K5J9r7PaZJJbjEsV2Io4VXt07SU6v4ju79IXotkUcI9jjUYHVCx+YxeJcBeNwAtPcdz15rkOdyGKxFi7l8hPLOt2OdjOYlm9u04j7xAItsqFU0NKVUdysdkxq06jh2CaNMNcTBIBnLqR13AO7Temg5GgCBvJLL5BO97fbEsQW8nZJJYDZ8a0Ou/gCBQol3RBcXdgqun3KMjUHvmygLX4B6p8W9SuXcq4X6l+m12nybLWMhL6W5nJ2cFmchkJJ5WnbE5/2b2MqhlEc81W1ipmmmnZ0sRpCYm+SemXoiGY/HbUwz2UqOKeauUuAhxkgnSDqPdqvtXoj6a4Wls7CbJ2uw4quwBmDgZ3U6IEZQBJABIJ+NgncwvMPVBaTZvnXpjyvjWKtRxz5C7BXp5SpTV1He9tMPcvtWhZwfblEMiSBo3JjeRYuvmmz8XUw1d1NzsxYXDPrN510FotxBtK+hYvAYDaVBrHsYMwDxNrOggGYNhvtvuFscjnqZOhU5Ljog4heuhs06sX/T6dq/ipTb9pFRAIxBGrMioAWA7db6+keju28VjnChiqv3bW8ozM6AXh7GACTqWvdbXU3vPxL059D8FhcG2rhqQ5RuIbOVuY5ORruIIAJjMBNuEJis3kJe6pHMl2MntjDGkpXt/ZPHoBrtY/UUcne9d3jQ8A/UDo02u1ptobbur61XxOlYPb6lR7P4THiiHLZYwYCZla6pWmzj2Vipgk5nG2iGQJ3nb3JBvuAZFiBBZC74StJZbiPimy9O8gbOLhMJvRv7NYf0N2F0KxnhKA7WFVLsoQnxv7ghSo6JREM0jnHjwCIef5Z63pzmpYprKPKuJqqzVREv8A0nL8Kh/fPcASspK/qwHjQIJKwJYYE3CfTiUME+GxMR7mXJvHdkgQIkkyGfGUkkuMsaqQmMuNFN7QhaRe9gVZmY3sKQKbpIHPO/qaqkEaiFg9SuY2sdVw3F8Vbkr5jl1SatWiqRNJNFSoYqK1k7D7O0jFnDtVQKUYSW37i40Ft7OtQcSeGsetx3/XFRY/nYhsX5p0vu6pRZBixU/ZnH1AdK0yyXO+wwd61nLZPGTTGFOyN54xkohFJ29qguXRwgHV+vbCOm33hN+GVt+xUaV8Uwi/MAtcav7viNQpNy0oquJ4zLGzO+QwKXbLNMk27QymUpThWSOPtVWp9qo3e4A20jbGvK7R/FZvt/x+uC9ECDoZ3T/RJM/74/3R/meqKykt/wB9v95v8z0RfTZFw/jKMSmCxKnRG/2fV+Njx4iH8Pv1z1XqOzNIiIIOv1xSlHgMPGrhMfTRn7e51rVwxVSSF/qj4BJP9/RV1ZY47h7NSxSejB+XtI0U6BB9cUgCyofI8SR7jb+DHog6Tetw+J+C+MyTB3eF5fM8NyabynDuQZ/imUGvbK5Lj2Vu4i8pTcnYVtVJQVDv2613trZL0zLsb7I9whEEH7h/3j/kOijxH4L/APb+pqI8a/ewOtadx87/APhg/oP16Lmo5ryfSra/dGtb+fpA3vX8f06IirHzdxjft12gjW97/o/neh+v6fbqzQ0d2jyRFNSbsdG7d9wJ1vWtofHwf16nRFMEnuRqda+lfvv5UH9B0Vavq3sPmlKl/WH+7/hfooErq/ajprff2+d/Had/GvO/5jXREdem1r8nyvHy+77Rm9+mDre2sVbBX7j4MQOvv9yNb61f0Hey7yKIBxYate5ZinXRw3NOUUF8/EMmUnv1U7dbXspXax33Hu7t/TvXUOM/vDP/AGOD8qq6mzf8b/6f/wCxLPVddReg6IP6EH/A76Kni/8AD/3/APFbccnfvxrWvvv53/Afp0VNZOiLBZkSKvZllkjighq2J55pX7EiiiTbM2x8HYRfI7pnij+ZAy7M6bfab5hFFn1Bkmrcp5NXE4EtfL27MAmLoys9mS/DBCqq/bJGyPBPGXASfI9xbdcrLeRQG/E9iq9TMcd5nF2mrkA3D83eZQiijyrF3qGIefbN9NLMQB6jEj2beSEoYNHqbZnTb7TfMIiXMzrkeIYaWWat+YnwGK9zvSWGSSUYXkUjzs6sof8AMupkADN4lD7J+byKZ34f2Sr6MvWMiGaP1L5NfaKMsyvXnweCxcDiRmc6SalcY/vbZ2jHaEDNTq/iO7v0hd7ZOjvZd+od312p6bk3u8bxp7e328pdH72990MLfoNa1r79RrtIJzr98ULkaBVzre9a7x8+P0672C/u1L/f/wDkeqdX8R3d5BQ84XYxsnKbV2+1OCOXn+ZkryWplId6GByphAUovayT15nU7Ow5GgBs/N/7SqvJbHrf/Mr0KXiXmf8Ax8F6H+z+jyvpg0/5eAxNSJjovoAeOY+9ORNzTNY7Ik/m7qVvqkjEXd7ZLFGCr58FwzOT/ZIK68+PizaXIB7P3nv/AIjm98zqe1feadQVmMeNMoYP9vNGnZ8UQZS9TyPErz2IqdQVcY8cSCOKmwWyuo4fZiRI2X3HRVeNY0QfSIz3Dt6ex8Xypox/hvFX+GREaXzA7t65+19nYovcyvOV4LIvGZzTHDdPzAUGchkI4blCssMx/L2BA0guSjZbJcXhU9jrIACKpcjfjuC92lJb7/srF/bMFSq8AaX/ANuB3/Q1X5a2vs/9mbSxmG4131f/ALjiT7wY6oSLzXltSthLrzTUxYkoPXCT25JH73n4URGCBBGNaZgwbu8EFCp7l6K5ybn0w5Li2q0ohLjlki/ZlRR79quJGCcLXv2/9EpMcMknb7pfSlQvb9ZInK9XMm9f00Sigtf+0M3wNUk/NL2JLZz/AAVArxlO6VRoEoOxX0B3r0RTW4vXqQ44uLNcCvEKwqJKBZrqMfcoSvImg0pS3homWuRHppD/AEm12xVa/THsjzKZLgGVb1D9ZOfcrglFnjuBvwcTwOnRYa5qtnYuSTvKULPK2cyM8U6AJ7jU6u3HYddQD7MG4b1yHDrg5viTwv1Bc6lHKdxj6KkLgo2yl+vaZoWSzBZd/ZhZHWqI8gY2WV+1gY78VRzqPtbXaCCSRe2l/dqevQB101Hx0/qtNm/3k/6h07B7lJLIRzNhuNXlrpFj5EzGLgeOUSKtmrkpc5PF4RQCIeRVHK/2Q6ts92h5nHdOl7I/QF1MFanWH/zXe55HZ5IYnk+W1+6ANb+fq1vev4/p1TVpJxOyT+pJ/wATvoi+pfrEDgPAKhJOpJ71XSBwHgFhV1FWADDAAuNyDpM9oeRXyTfiq4w/FPxU/iMxbKqpY9S8ryiHRYq1fm8VLl8UidyIf6QZ0ufp7fqPYzrpmqr0tKeTZNjlE6axfS3fv1TSIjsCVIA3rySPPj9Aei5jnOJILiRJsSSNeCXaoaNgN6O2P0k/7Ov4fp0WqNKJJVNkn+ZP/VjoiMKXiEa/X/6F6zJGhI70RHQlDMqfVsePPx4Q7+/8P06us6LfZHkERTSftBJJIDfA/wB3Q+TrrZVq+rew+aWI5Qjxn6tMCRr/AHfv5H6/x6KBb8MwLb+rS/IP8QQPv0REGByK0s1ibQ7h7GQqP5A1r3lU/wBoeSrMv95HwT1FW/Cf2fEIrMpElL1I9Rain6bt7j2fh1+66ZHjlGjO6/G2F3DW/c0CNe23ezs6R5xP4OFP5sjgTvIApwCTeBJgWiTbVdTZv+N/9P8A/Ytvqmuoq6IQDqAe1e7I+CR0UdQDk32HQduHArJHIE7u7Z3r+Otb38kfr0XLTac/5SlXP8K4Sk0kNjk+ao2MnHFHA1j9hYyf9qXq7tJMCle3Ux9j8xGschkiWMl4tdwuUwMjTAmOF9TdExnrJYmp8wu2kkV2yBezFvu9mVp46eRgQuFJ/wCkZC/WhkbRf3aliNe6FA7yIojetFSDkfpdymsZq8LVYiMWs7uIlyVW3+aw1iZuxyKZsY4usiLJLH78TLDt2K26QGRpgTe8fvFEKYzKyZX0r4BlrK3Yjk+BcbuGOSussSSWOFPYZWiTfYy/tJBIFdmVlsINEL3yopr/AIcrkM3D/UKiZo2krZLjNqpAI5IXRLtr1KF6VYZATGndj8dGxViWkkjJ+kgrTq/iO7v0hdLZZPLG5jMLfwz4p8lkJ4/Km2JTIqw2fADwgfT58H6DvwPkeT51GvTIbz31Udg67VZD/NizAj58a+d/f7Edd3B/3RnZU/W9UqwzPe3SQBPCWgKDvEIsNbuc3ky+MgydCHmPJZESY2PoeLPZXH22HsEPCAkUEcTxE9ySSqwQl16+D+m73u2i5jnuczMDkc5zmyAYOUmAQDa2mmq+zehOy8LhMHicTTyurnGV6OeGmoKZpYVxGeM0Zm3GaJN7pw4sFUluRy4Tk2dsYZI+6TjuTapk4oZR2BYa2VmQ5mtSH9KXq2Ld4NK0bK8ccEUSeKXtxDYgAAGYFhrKBfUXJZDE0mo27MrVZx2wADXZXE8c5iZyUYugQLHvuUqCWZe0dTYfmuOXm809G28cFZ2jim16LWjpCq103kgMeLk9ZSDwzisHPuHcw9mBEztKYtg8g5Mfbenw0tM4yzKA0UFe9bnxSQSyDtgs2Xnkli7kI+2egOHfX2HtJ5LiBi6TWkk80RzgJ4yJiOPWvzT/AGmhrfSPZ4aA3NgqpeGgDM4aF0dIibk3A90ZLOX9lss0pqPqS5CYrtt29t48vMH0kssoWRfaiQfQrqIguwEUH3WywHUHFwDjkddwB0iNZXzWTxPiU3vDcqslpJvdhMj5CvHCZFlkKpJl46xBj+hV7Um0rBiVKKANAaqO6dT2z8Faoklhkzzj5BOBzfIWspg+IULdivOa/PfSaKUK86FMTW5B6bXZ4q8E7SlYKuOgsk+5Kwco7MxaRj1hSp1j6nS8Q4j6meobWQ9zB1jVxteRgzS5h76NWhhjL+1NZzNqColdDJ2tJlETvRZZGW3ggDXggGw1E73cdNFVr9MeyPMp0/w5YB+DelnHqlmZZMll4KV61ZZZZLlrIZPL8Sy2RmaP29OWtXrpMkjdzQOzHbkodaJLq4zEmM2pnceM/BVKoAYSBBEXFt4G5Sf4EwMM2RaO0UqUaNeqtiFInlMK4S9e9pGfsaL3fzaIxZSz96uFBJNxji7Fta4lzeTaYJJHSqDQ2/osYezSRY5jcWOg3hSM4/ZXN+lGQijjsyz8U5lSyErPHGi1aHIcHj8FIz6kLFZ7uExyxMFKkJYd2UqoartdoDxYdUDQWCxsxxJqCSee6ZJ1zOPyQDM/gqVZWbR0dbX6vKtokbGiDrY38E9cRddJUr7bwSNfSft5BO/g9EX1RKwYbU7G9fBHn+/oueveiLxiQCR/+fnqKt0D2hbsAJuNBI6ja6+aT/SZcfXjn4usxZhhEUXN/Tbg3KQVVUjc0RkeFkL2fSXjHEI1ZG1KkZiYqIXhZqi6DalVoAzut1nioWwfuH/eP+Q6LRKwJBUjY0yk68HtDDu/xXex9x46IjalLEsYBIDE7X6ST2lF1ogePg+Nj+XnoiIKrSOoVGbyT2gMVGgoP6gfA+/nqei1rgZAMFES0WKBSxIIADHZJ32aPkbJ8/J+/VkCBA0FgqTnvk852p0JjVFtSVFj2zfvBGHhjva/PgH/AM/PRakk6kntJPmlSFu5kOyRold7+Cp1oH48a6LCU4kcMDohSNnyNEaOtjf8f08dESpGUPtlQO9XhOwNFWDrohtDRBG+4HwRvf36wQHAgiQdQUSxziKOp6j463G7FOQ+nUEkbAEBrGEzt33WBA8P7OZgBdtdyOqgt5AVgDg6pNzTfRbTO9gcX5g07g7KJ4wFYwz3trMa1zmtcecATDo0mO0x2lJ/uSf9Y/8A4m/59UTqe0+a9At1J4wihn+oKAdhid6G9nXnz9+sIs4IYBgdgjYP8P7+i0qfh1PYd+krcpVmt2oIQu1eVFf40EJLOx39hGrsft418kbnota7NIBjLE965Sg5BbXkn4jeT8istLNLx3HZpqiN3utU28ZfxVSCu7DthMkGQirxJEV7Yz26CIwFgAAQLAIt71Elny1aCRZW/Mw4iKzA5JBa7i5rVeq6qxDRx2v2ituEMFKxJD8dg1PRaHF0gEADXrn+ahrOLQIJEkiyhd6w32Hplz+zVgitSY/jc+WrVVjCxzJRfVaKOBgPbc1MP+amh7VfVwMV23myAAIAgDcFE2o8uaC4wXAe9DvH78OV9NeAWKRSxWvcZwMlOWtaaNpo5cLxuIf0bMqKji6iDQHcJGOtF+sq2pk/hwkSSxzJ5JLsEX+qcdmJJXVobdmHkiGNO1WMskkcGYlmQyACNZLHbr+kAp1fxHd36Qulsv8AHOmo17G93ZvnuUlMfKHqXo2YsglgmVGBKhe0oW0dgHuV/wCPyfv5jXpkmZ9RJSmEY0u1P6aHYQdA/wAT13cH/dGdlT9b1UqXqntb5BQN9IHzFSTmOZrZembDeo3P8FXxGbpI2Hnx+K5vyWctNYpLDlxLLeyFpmuxTT9sMdesEMKxe38A9JnGrtfGCoS8Mqw0O0aINhu+S+2ei3M2Q1zbOfVzvIEFz3Nhzid5IY2T1Abk5Aydr83cv1MdLh7jyf8ASKrSwW6dkxhYlencgWMzVZERZomlRXCsqWQLCsOvK1QGuIAiw07O/wAu5esokuaJM3i/CUxnrBzJ8+2KrWaP7Pmrxd9hFXtRy/uIncijyxKP9WiNKTvTLuTAc6nTqOh2Vzi+b5mim+x6s2U3tIE2lYxbWipXY0R9yOTDbZXmtS5zRpOXMOwkJxfw+Os3EMlGFMlbm1/NWqwZxHNVTF4/9kxrFJIyFobNnF0pdoe0z2Vb99SR+gPQPD1MJ6OUA4kHF1H4h9zL2l33ebScomOpflr+0fHOxPpVicjzlwlOnh6YBtTIbFTKB0S8mXb5KJPUD0J4t6rYrMUcLHi+Fc3pM/s5erjKX5LJ2Z7ED2jyKnRjc20nsZKFhl6gOTityRx/00TSPB7ttGlSp1BTptYMhs0ADduXiKTnOcQSSMpN+0LnLnvT7l3pByfA1eSCfJ4/I5GOLGZrj0f5rFXhWytSOeCwLOQrtVycNtGmnpWYo7EcUtecqVdivnXdOp7Z+CtB7miASBqsmS5DXjHHopjbsWZ7T3TRvQq8bWMRwyvmKMZk962gT3cZCEJmWOMopIQgOcK8g3J55+VY70Y9NKJS7L6hepi8hyAWRfcl45wtJsjSuW1OoFhfOVcZSSsGKq1avLHGRAWTZj3sOZji08QYKq1+mPZHmV1a4/ip7q42jRaVatahToxirCkVeLsp8evwtNOAm543ouVkQkBWjXY35u1mtYwvYMrgRzhY3MHx3qAgEQQCOBT508bGtalia4KLDE0MRewYEZrkeUopFMwKmVjkGq/0oLKJhB3kCHuTOGJINQmXhxaHHUAAECeEk+J4oAG2AAHUnT9LMZn8bkeVcbbE2FwXMMJOguxpNZqRZihLcbjccyEMUSxYsIGaRVihDFZWjZz1exFKnUpOc9jXOgGSATMjeocJza7Wts0l8gaHmuN++6FbGvc8eRrwR8Edza1rx8deSfapUEQA9wA4DgOxddJT/vt/vN/mesIvqgg/cP8AvH/IdFz1m6IqIB8HrVzQ4QdFkEjRcJf9MDxaKpzX8P3N4a59zKYTn3DbdhTJoHG3uM53Fxybf2/EWQz/ALK9u292Z27jFEY6tVoY4AaQDftPyVqk4uaS4yQY3C0Dh3rlXB+4f94/5DqNSpQhlDggsC3cR9vsAfsP59ERBWml7417vHaRrtX4CHX26IjLHysIlPd9YPjwPj21+2tfr1ZoaO7R5KCq9zSMpiRwB8wUV0ZEcKGYEkDu+3ns2fjWvP26nVbVFFZoiYlZh29gGtkeAh15+fkD79ESyh7QpQ6AA7T8+NaHzvfj9eiJXryFlAY7PavaNAfY7+B/Loi34io7gx1vtI+R8En7foddES3zsM83pJlw47ZaXI+MsfpJcPh6+VEROvDE8bEwbw5EMi92pJVk2cA7DYhpuPu3R1tzwbXtJ6uKmw/49P2vgk7rmAkgE6kSe0r0SrrKLKJpVAUNoAaA7V+P7x0WlT8Op7Dv0lGfGVkMeSuCMuauMmb3BrQmnX8usYX4LyJNIy+PHtMVIKnqxQ/P/t/5LlKA2Pxy8a9QfVOS1MVbJ5SFKs5JVoMRZxlW40aA+CIGkQraIM6tGwWYEMOrCLQzlozubcntzirPdRYGZR22hClmKOCSP6njhlkOPrRO3YxosHUtvclEkVGt3OMHrEi3v3KCvo3tKjTy6COtaz2MsQxWKk1bIQ167M3tXD+XuJHWkKkNo0sWQqhtSrZX3O5n89Cs0NqOa0QBlgX3tB331KrgkEEagyO0JkPTGg/G/Sr004lbnhsT8QxMXEZpZ6jd89ni2T4txl7DSjSj8x+zJHWT7K3edsC5jW/K1PW9w+Slv6KX1xWTxdgJCov1HpWBBM7Bkt4qiI2eLuZFjWawsu1RR7hjP2GqdX8R3d+kLpbKrVDiYm2Zu4byOrhb+amNhp45JLKM4MUkagD47gjD4IAbwzv52PJ18AajXsln5CiQ4yw6AKBBIdszdvug7TuJOwO0HevGtn5HXdwf90ZHCp+t6p1iQ9xGoAI7Q0LmFjOT2uJWpK+V4zaydLNcr5hdoRcfnexk4YznL1vLchvVblilC8di1kKNOLE0rhmmkE1yCNIa9kdfFPSrAtolmMLSKuJxNVtRxLoIaX5RlJyiANzWniF9W9FcbVq0KmCY+XUqdGsGhrSQ1zYcdCbue2BukdZTv8L5ZBl0nlhxuYSCJikdHL1JqVthE7LuKKVY50icOAAe0N7QdQQ2z4p1NjjLhJiNT9fV17ak+sxoDnc4EnotHWLQo5+sGZNzP5N8NSs2Whhjgo1HULPNdeY16FUOx9uM2Lk6Q+7KJFEcr6X3PaK2cDhXVatPCUBAquDCLklriA4AmSDBiRB4EaqHaG0G4TC4vHYhwmjQc5rjDQHgtLSQIadCYIg8NFKXiGEbiuA4vhoXjMWDpY+BrCHchkxtRcjcuV9k+6tpYsQbEchaNrLSB0Jll9z9PYfC4fBYLZ+FwzDTp0MDh2Fpc5xzhpzEucSSSSvx9tbF1cdtLG4ys/O/E4ipVLoDZDjazQALcAE51F56LSLIJPzNgLYaZe2OR44swbiGJ07Wlmelx2GZa7FkaHcjRli5PTd0KnsH4dnmqlDpn2T5hNjz/jHGvUziFuryLN9tPiPqLQ5JHaw8FYZS+a2KYXaNWrOI46EtuS0LNv35pZZZ6sVkRfk5oI4/PUaNStint1pySQNxGt4nhAm87lnFVH0qWdhAMxJAO4nQyPFR09SPwpHk54pf4NnKnCrNuTJtBgeRZLLZeneqWuO2uM1Gr5GhBfuUrqSSwPYNqGxXlcySQ+xA0cSy42kyjVyUxAvaSeJFyfiezepMJiq1WmXVHgumLNaOHAD68VGjgXp3yb0n/EAzerWDPG//ALLfTbC0qwnWRcTcfM2I8tkczg8hIsNfIULWVhyEEdmv3Rr7E1VEi9mWFKinc4uMuMnThZSNt/jm4lGY+Nem2BvZ2VBFUtXqftz0a9yvj0hnFizAXVGSvQawpSTTbRTtNDqV1ao9uVzpEzoBp2ALVHWF/FfZN2Zs9iLuJZ5bzzSdof2J3mhsxxRTKqVa8VfMoulCKyQW1Yt2SKBhlWowQ10AmYgG9hvB4BF0E9KfxOQZfH1a+KtxRKJHeFabpYtvXvVGlelPK7MgY1jfrqzlpo7NeAxukkvf11TUe6nBMgt4AbgeA+tVq1rWOD2iHCYMk6gg2JI0J3Ih5dHQrZ7KDFTRPjZrTW8V7TK6Li7xNzGKrAttv2dNXacEt7dgzQggRqo8w/8AEqe276vc96u0nOcCXXvA0G7RBFiaRZAFbW17j4U+SW2fIP6fy61Uq+qyuQYozsdzqHI38b/QfOiNEb38735HRc9Z+iKuiLlh/pZ+IzZr0I4RyuvExPAvVXA28jYKExV8JyfC8k41M0kgX+iMuftcZrxO8iRGWZIGWSaxXCVa/THsjzKs0ND1k+4NjzK4PQ+4CE7Dokk/S2/j/wDJ+nUKle4taXCJEa6XIC24U7JANEbLN9Xg+VP8B48dFX5d/Bvgfml+FwskXkb8DRP2I0TrY+ASd/Hjz0Tl38G+B+aM6fautEdoYgHY1rsAB38HY15+/W7KjmAgAX4z8CFo95eQTFuE/ElEuP8AJ8f7R/4OpWVXOcGkNgzoDNgTxWiJYn7QhUglVA/XR7daOj1YRL9abvjHeVXtVAPOtjX8SeiJWryn5Hae0AL8+QQR58+fH6a6Itr33/Rf8D/z6It/nFmVvTrh+Tj7hJgfUjAe4xU9kdTJzXMBOW+CqSR5soGLqpdod9wJSTdnOL6R6L6b3EjWWDmwdPzGZBRlRzK9EAAyXTM7ojQjiVmjcksH0Cuh+nnzv5J+NdcwWAHBenaZaCd4B8Qsmx+o/wAR0WVeg7nRfJ7mUfT5J2QPHzsnfj+PWWiXAHeQPErSp+HU9h36SiS9l6fG8FYhaZZLFpIlsMpCokLuTDDEdjeiJJu/ucNPZnA+kLHHcYwMmCTMaxungBxXFqvLMsAGZ1ndHAjiuaWd9QZ7PqFyDAZvJxSPaiju4KyVhrCOMWbMc9WwXheWwlm0Wx1GKaVQhoyxIZP6TVtlJrmhxLpPCANSN4Ki5d/BvgfmiKDDZgpO9ipKIolMrqYXaC/JUkhWS2I4grpaksxZKxYkVhC8lqvIkUcbhX3bSa1wcC6WmRJEd9gtHVHPiYsSbBMHz8VwwtwSRNHB/wBEvTGT3KqRRKsd6djC6ye3LNjb8cEyzKADMCzFW7ehyYq0zWcTnLXGBAbLJAtBOjRN1omdwUzwYPFVycizx5jMPI3txWgs1jmtWWVPq08iI0EoRnHbKkMjKXUdwqKSmwPJBmw3R8QU+nCcpJjxiLOjKPy8bESUTBP7lLF8fsRqTGFG5BCymPyzxfUO0/UIn0mnM68xMAiLC27qV/CfcVmuZcueyc1xqNIhTT49eEjqQYwrxOU2fJBnTtH73k6+dD9fHVRe2YM1BlUyHOMEbhYntm3FEHIpzNhry/QQsEjnt2SAEYEn6jpQD5PjX69d7BmMLTNrB5vpao/XqVKt03dg/SFzNS5NbmFk3+2xXyucgqGOPveusufrVdQnTKS0PY42G2zhiG2B15Hb+xWbWwjaYzh9Go+u3IQAS5rw4OlriRLhABb1lWvR30rr7I24+pUbQNLEYYYd+dr+bFWi4FsVWw7Kw3MidydDCc1pU4Ibc0lXIOixR2CbCrY94RoojZAjMsmmQe2xLt3IwUBgvXx3FbOxWDr1KFWk8vZcloMZSMzdRrHZJ0C++UdqbLxlKnXZiMvKNFi5tnCx1ExI4m29MBcePlXqlWCNKnHMLYizeUmSs8leVq5M9FZXDIYhVurLkmcJKIZMbQVxJ+fVF9P6E7LrV8e3H4hmXD0aLqlECxOIFWiGNqTMsLDVJaA0yG84QQfmv9pW2vs2zn7KoVKTquIrtpVyJLm0DSrFzqZDwA/OKYDnBzQC4FpJBbL2pYRo1lCqqxRo1qs0ihqgtAciyPssTqWKGlXxtJ41EkiQyurMe5XT7fSqOqtzugGSABoAIgCSSI6yvgPItysbLjkaGgkiSBN3W1M3gAdSx5vOXJKZxzVpbV67NUrUI6T9k16ZEWC7JFPN2GjaqVpuUTGPazWkxUdasollkMtvF1XUaOZkS5waZnQgm0EXkBR0OmfZPmFZna7YrG4ri9aK5PanyteW6ZYKuM/algwRtDkkmcyLZurW/LYs+6ZZHrQCN1MkfudR7MIFPE1oBewl4B6JJDbEax2OG9YxIzgUz0bOtrNx9eaLxkqWT5nxzCR1pJFw0N1rT5GKtVsUooTbtQberOaxhealDH76xMyNZYmPsMZHJrVn1353hoP7oIHgSVNSpNotLWFxB9Ygn3AcN6j7/pBOI5PkXH+F5mtVzLcPW/mcX6k2+FJjJuUVePJbpWacePWoG9x7nv5iu0zQXrcUbWrAgnm03W7aLThnVpdmD3NAkZSA1h0iZlx/MBppdSrc4J+FD8PGIw/F7vBJ+U4jAcy45jrvGr75+LPRXmuUJ2SilfM15bksv5a7antH9r14UMEnYsUocyTjC0yAcz7ji3/qibb1FxPodwTl+L9PfV7kOawF/kb20wV+j+zocFm3tU6lN7NKSaDI15Zq2Rqwx3Ktiz+Yp98U9qqkFmq8tatTbTeGtJILQbxMyRuA4IiLl34eLPpvl6eU9J/ULKS3shlJrOJ45zV6FXjfIbEOZutNhauTwkFKTC2Yq0cz1bVqDI1n17Fn8lHG1g38OeVoOe7UNERaZcGzedx6r7lA2q5z8pAiToDNgevqUmPRf1UfnOAPGuTY2fBc14fXFSxTuQCvKagliZ8aG7ezINHHPWzWLyVWSetcxdm9OsrQit283E4SnSpuqNc8umYcWkX6g0H3q2yo5ggRrN54Rx/mnRkk91u4FSNaUqdqy7JDA7IOwdgg6I1rrli4B4gK2LgHiAvqsrS/0UMnb+9XiGt/Hairvevv27+Pvr7ecqglDoiroihn/pBeOWOT/g+9cKNTzYx/HMRylE7O/wBwcI5bgOZyQg9y9hmjwLxe9p/Y7/e9qb2/aerX6Y9keZVmibRGriZ7h8l818MALqQ+wdkHt+R2n/tdQrR9UuDmwAJ17DPwXjDU6j9FI/4+ihSiE2yPv4UDWv4H77/j+nREWUJu9Fj7ddsSNve97CrrWh+m97/u6kp084JmIMaT8QiKMdY7Sqdm9HW+79EI+O3+H69TMpZXB2aYm0RqI4oiiudoT+uj/iN9TIlZP3F/3V/yHREv0/6sf7kf/CeiLZZu1lXW+4kb38a1/Dz89EW7yUyS+kXqAn9Y2HpJyGJT422EsY/PLo+ewxnGKgfTAe57nYezsfLDlfm15r2x7cXnqha5fvKb5vTJMcZj5dayLIsyrMh7klAkRv8AaWQdyn+8EHrnuEEjgSPAr01F2alTdESxpjuC96wpFq5XNQ4LD5PMTh/axOOu5BvaBaR2p1pZ4oo1AJLzzJHAmu4q0gYK/b2Nszpt9pvmFpU/Dqew79JXNfOc+/EPUgs5uXiV/M8brCrVsmW1BQuCatUdLU9f80/bJKr1Xnhgk/LxpJKEedVPunpU6eebxEbp1nrHBcKv+T/d/wAUwvMuQyepVH9vcPvyxco4tPMt7Bz0fYy0laWzfyTrM62G/psJLevXYKzIxydS01yu8f5BYbNpjcrQ2Zib9plV1v8AH/xLc5yfHY+LwGUQoi/lrsuhcSJhIKRsSSpHI4doWvW0+TWSIfX7odJGNzvayYzb9dOqVHUfki0yT1ad31wO5gZvXiLCWL2L5lYMVOV3UMVVgY+zsnjaEDZaCaW/PLE7oGlty10Y+w8rWqrjhy/DgZg1sZjzT940PNri2aNbxO9bMdmaHREz7iQjfgHLMVyvA0OQYdFkxuQy2Wt1WNoQWWWvzDlFeSNu8FColoSJGqgERmPY+j6qalY/ISYmRGsfPyUkMBH7dXHzGKRUguQhe+6hErPg6UPZ2xq5B/6OSFIIYEoSNAth2h7D5K5TqWbUjQ5on1TpMb44KUfpvmky+GxNoAs6Ia8/17/pogCzb7fPds7GvpI+Tvqgva4Sry+ApOYBymcA0yei3KZMkAmCQNN/cnA5Tl6mPwWQms2oaafl5I5JZpFjRFeNz5Z9AltDtUeWJAH69dTD4gsoNYGgwHiZ4ucdI61TxD2sNTOYe1sluv5AQJ6xG6071zS49YErI/ZaUftmV1MV2uiMtzK4W4hEckRZdLKqkMSJCC47QQoiM7jF72mRvGo1XjalblKwrFsFsQ2THjEj4dqEqk14ZGVmkySw2cnZY7tVYkMtV+PhSAFYbKSuuvGu0sN77RWq4HCV3l9Wg17yAC6wkAQJsdBZWjtXaLSBRxdSjTAGWm0yBGpmRqb6BORxLN4ueCR2rLRvrVFy53iFxdmMEFiJexJCfy8liaGOWMgqFHaWbvAFU0m7NpMGEohzX1Aw05y5Wlr3Z5AM5S0CIE5iZsAoMXjMXjqxr4uu6s8iOdxnXU33didHEZOzaghkkryxtGJHCCCRZ8jJaaIyVaVHbSr70scMMpZ5FauiQqyqnbJ2aGKIpN5gM3NzYnUablWRNBfMt+GSWSjNdrrFUqJLclrrfuT2LcWRv1mikhaF4ZMnyARuWnIMsShdwh+p8RjDXYGcmGw4OnNOgIiIHFRsphhJBJtF+0fJe8lQrY47hUx1p8jJchdMfat9yT2lnjsWblLIFj3si3zGfZ7444oYUUuWJjYbGHD0q1MUw7lREkwW6DgZ04hYfSzkHNECIiePX1p1eIYirx6tPA1j83l7sJN2Fqy5uamVpWQ9f86YpILBBCSO6Mmwy6TZJ6pqVZ/X2letekPNbNerZlvY7FychpiCCjUZjgbtnI2a/wCepCxXgWahFbjczUXYrIQrSAqiXqI5TDPpG01HHNrEsYND2e8hFHL0PzOSsehHoA3askNE5aMLPowR1Blrc+KrNOWjMUUGFsKsvYC9iAGFFV5VK28KOXYXHm5YsL741MLV7srS6JiLaakDr4op/EF6bY/1b4/j44uO8X5FzfheXXlnppez2Fjl49g+ZKBVUzyuRZiXktepYwmTSWazTWO/i7iVGsYtluxYjDAvBznoAadbutYY/OCYiDGs7geA4qMPpf67R+tmD5N6Tcgw2S4d608OisZGPit61CmRs2q1zLWZ7PG5Y29u5UyUYXHmVWgmpZCWrWsVR+ZeWKTDtFNhpF3NcLuIiC05hbrIiJGqjLOTJqTMGYiNba34zp1dafv0I5Tg+X8w47kstSMPJ1kh49Zy0DtDI9GysFSbDZGEsokx+KxkdixFbMIs1LrmNjJCyxwV6jDiGVGOlkPLQdZAAOaJGska7u5Y5c+r793h7/cpZSyhHIADA7IZR7akbOisY7ggOthe49oPbs631wHNyOcyZyktnjlMTqdY4ntXWYZYw8WtPiAvqspuJKFBwCA1KuwB+dPGHAOv0Da/mOsKq6mWiZB52X3TKUIGHlNeSSd/3Doo1sdEQJ6mcdHMfT7nfDgyI/LeGcm4xG8oYxrLyDC3sRCX7Qz9vu3E32qWA8qCdDqrX6Y9keZUjHhvHWe6y+RHG2Xnp1DICGMCJ51tREvYQfnz3I33Pgj79QqPVbbf1yf7p/yboiU427l3rWvH+AH/AD6Il7HgieNvs0CoP1BVWbf8tHX8+padQMBBBMlEVp+4v+6v+Q6mbVDnBoBEz7gSiV4/6uP/AHF/4R1KiJaDBota12pGP8FPREtVP/if9z/6uiLOlhRME7W2GI34143/AMuiIzxNOTL4bluGj+cxxjKUwDvRe1Rs1YQe0En+ltITr+yG150Dieexm98weER80Tf8DyS3uEcPt+WafjGDkk0R4l/Z1dJlOt+UnSVD/FT1Tqty1KjSQcr3CR1Eheiw/wCBR/02fpCL0kD70CNa+f47/wCXWimWnmrVmhx7MZGlUiu2o0jpUYpoILUX7QnZp0LQWdw90VanaZZ5AVgft2CZNGxTolxYcwu5p061Vq128+nlMw5syIuCJ8frcms5d6hrNxOpxinfxM91MPNUuyV0xj1FyFmzadK8UElWapZgTJWEx9mKOJYpDQlUrKkiE9nDYZzs8ObbLrP7y5Nf8n+7/iuKfqDTuY/1SltYM/6leqtWO3BHj8W9bC8e9SqDtlDMmdK/lcbR5Qnc0/H560FWOzDkVW+4njhc2HYZzWucXNhoJ37hPBV1djMlx/n2Zs5viUkVPmTXMnJyLjzvBDNdvTXq9a5ar0FmaWLOkWpob9Zgi3LLTyV2kmseYqP41Pv+AUdRheAAYiVEn8TMyQVTdrERxSUmZw6lXedHjpzq4YDQiaFZY/8A7uUk62B1LtE8lWLyJz8mIGoimwSd14k6rZjS1oabkTp1kn4p7vwe3Uu+iXD2c13VLPI1Hu1gwDJyX1Mn7xOuyPoUqG1tNgfCjqkyoHkgAiBNyFsp4Per43F+331leOzQBaBXlaQVrmToyIqFQGHuJHIFYgFXjU6JPW5EgjiCFOyqGtDSCYm4jeSfihqrzTkGLrWIsRmM1TieGzN200hpQJvHZ2OdkLpIUVjQjZgqo5kJcOvnur8gfWHgVZpbQrUCeTcQ2CAO8HjG5BHOc/ls3PFPlstfu+5eWb3Mhl5JVlk/ac0MQ7dEGRIrSxDZH0RyD7jqZoyMAN4nTtJWKmOqVS5zpLnCCZjQBo04AIl9PsdJZwS+xDRkWnLjcjYkT3pIoaVLH8bknszvDE4hiVC+3kAG4yDra7iOJptLc/NDnBoJIiSCR7gVVpUjWc5oIGVhfebgECLe0hKL2/fEXbj+8ZaXai2zKoszcXsJ/RhfbXSgBipJ2w+e49WTE81wcIBDhoZE+427lF7+zqSLNfkxdylkaM+Or2aUVCxBZWb6kdlwMAMewR3qWJ2dDtDff52ZyfPFVheCwhoEWfIgmeAnruikPxLkFHN4ezZieKOaFO+xWis2b166ga6jVI7UjkU4bRpuJWggEpjbXfva9Q02FgIJnnEjsOg+aKyO5zF5JMjxy3j6kH5f362LymOp3MZlxCZoZMZHDNJDJjMvHSC1vep2UN6OANYhlnZHg3RA9r8SmF43iLvI7npty/Ic8xlS3VxXp9Rx7ZDj2Qzy24q04q8ttwQV+NVZkr4iCUTiO4tSvZlXYkjUkS/6bfie5nzXj/byrh1rhvIY4Job3G8OQmFikswWa8SpcgiispWVHhiVXiEc8kcqxSSurIhFLzAZdqPG6M1yOC1BepPNbNK9NaaUzQ5WS5VtVrM0jSwl55I5YO4dyPJtB3Am/hfw3e2f0tUb6gYYIJtPvPyUZuMYa7w/B8n4NVq+9x/0y5PhuRcByFjuNGHjEGWWqmUsRuoSaZ+PZuXCyovfJFk8VeiZAKoc3MGDSaaZgk3kaWM71BWrjkzzTu39Y1+tYT2x5ityPExRQvbyywIDXkjDUMRXMLQM6KQVBJelNDISpc+4i61oiepTL3AggWi/efitaFduU809I8OAUFvXf04NrP8AE/WjhqwQcm4zeoNd/wBW5UjNGxTg/Zkt65YUCWA5GnFCLLgH3ZRajH0up6oVy5tN5bOYFsRrZ7ZieqVI+qHNLYImPcQU42DuHAep3B+V1FK4jnF785PCrM8NLKUsvF+1hCZe0rNnbZhyMaHamSe/rSKpaelGIYHNbyeXmuDrkuAkusTAMwNNPCBdAbVZqdmxUf8Afqzy1m1sDugkaJtA+flT8+f168zVEVaomYqPE8Ycb967tP8ADZ7DfIL6p8MS2IxTEk9+NoOCTs9r1IWG/nzo+R+u+o1HWjII9f3w4FKYJHkEg/qDroqy2veT+P8Ah0RajAPrvHfpkYd31aZGDow3vTI6q6EeVYBgQQD1BVpue4EREAXPWfmi+Sr1U4inBPWD1b4XWiMOO4l6m82wOJjICkYWlmra4YhFAVA+NerJ2oAilz27Hk1kQaydpBIG9bB++jv7/P69ESgkZ9oyAAKNA68HZ7fOtefkeeiJfxpV1QgeUJQkgbBEY3o/p56IiWNgyjX2AB/nrrem4NeCdBPvBCJdrsgiTvAP0JrYB/sjqxyzOvwRL1SWMIdDX0p8Lr7H9OpAZAI0IB8USjBYRZF8to72BvR0p1sb0dH438dZRbLSxGSN1GtFi57QCdga+Pk738/r0ROBwO4I8/UieQpFajkRmLEaVEMoAGwNgKWUfAdVPjWxrB5Wk/cwknjfLEeHjCJofTqCSjgbmGm0svHeUcu4+Ygfpggx3Jcn+ShQaHZGlCeqIowqrGhCIoVQOocUxzKhqGA2s5z2Xkw4kieBM6buK7uErMqUmsbM02BrpECQADB33RtYt16ME1q1Zjq1oIpJ7E8z+3DDBCpeWeaQ6SOKJRt3cgKDv42RC1jnzli0TJ4z8lZc5rYzECdJ3woa825Z6pesGfxXFeH5qf049MJLf53KZ7DUZs/zvl2I762pcNhK0ccGHpZqsZ44MtyvKUqENGzNkU49yiFY6q9CjTeOTkWBbfdrxXOqZS97hUYZJIGa56tNe9a/KvR30Twtag8OJ5zi58jQg9rK471J5nYzL3K8LWY7lzGW8lZw01xrfvX6kC4+tSezJ+XarZ74oh06OJp0c+cOGaIhszlmd/WFWrUnOywWnpb+yDpodAoEfiY9NLWbgxVKPLvlsvTu2qXp/wA8lWKBsnkqsRv2/TrlM9apXqU+Uy0sRey2EyzQxx2auPvQWml/LyMbP2inVaWtzS8FrZEXdLRN7CfcqjgWkg6hQ59PvU/08u8tgv8Aq7XzPG/ULHSfkcpyLHQ1/bz4wcsENWLK49BX9jN49qVfFjKxba5FXimnM5qR9R08PUbUY4xAmYN93YsJuvx+civ0/Syl6p8UoPlMHBMlPl9askclvGzX4mWpyGZUEYFC3ZSGHJTOUH5ueCzYLtPJKu+06bq4zsjKwBzpMGGME8ZNjHHqlE4X+jb5ZY5Z+G3imUkklWcZfmleSKKcMYDDyDmNqJRFJ3RxMK+WRXaMeXMoBZCS3JodI+z8Qi6Acuztn8uaiy3iYZbjuZJYVTW5brEyAbBAYkkaKvtgwbz1ZRANjKxD3I2/Kgu88YEs8thQGHLoAoSIHwTLGPkr7YKsNgDoiTrV1rZqe2EKLkKIDVacWz35HDSkL76lwpNnbAgH3WcjwdnBuD2FE/vpxyCzx3jluglJ7a5SrVxMgsxQg1fzOOxVZ7hHszJYaKC7OohKKJY1SJnCbBoVcGawY19mtqNfIN7AjycVYw1VtJzy6edTLRAm5c0ibi0AoIre3HaZ+1VZcrEW/wDZwDgJLxOJv7HwWkX9dqT/AC6vhjGANYSWgC5EGYv77Kum8yVjvWNQZDE1WqjL+QjCoGx+EnR0DBW70de8fX9LEsAGIIyiJ+OcofimTqTPPWrVJnarkJGorGI4IkzV5JxYUAF0eMRnT94gadP3GfoikhjMkMSI6d6mlnDZZnkkrqqq/wCcHtXIbIk1qHZUTNKNvLNFHERt+8ERtXpYCSKQx1abDJJ7kGTEEU37U97ULDPxlPZ/MTMk+QS0+kZQjvuRvoIrqXGeNY/JDJJQaC1TijNjHV3RL1Cssc1qOTHTsCmQxzQQQuK8vvd1q6zyK3cNES1dtHO6g9ivcgpy+1FZoEY/JwGOWrFJ70ACxzuzTW31KJUkaQ95PewF/C/hu9s/paoKtNz3AiIgC56z80K5TJ8jpcZzlW5drTUZMFl7En7aqWKd6N1w91o2mjrmapcmV8gkzs0kH1KpCl41L3qPTHYVRrfhntHmm39Lb9m9VNec3ci0Fm8kNmzItDGBZ578SNHWQrqJZZxMezsDed92iptrFDoH2j5BF9Nce2WzvHck+EkxN2zN+ZSxj5hUWvO1x6KRWqqN3hXsQAfQCEZot+0Bui4sZWbSq/nc4WgiwLhNxw+rKVh5Rjnt6LTBmx1y243Qp6jcfp4fB8SmxYaVMZzvCXaM2/YgiikxeZRIacJAmTF15ZI7KSyr3yToVKhUiZb3JCkAG6OGcd9rju+jK1dUawwZmJ0+uCmlnpGOby/1sxGTvhm/d72Fubb6BOu7519vjrxlf8et/q1P1uXoKV6VM8WM/SF9TvG5ln45x+ZW7/cwuLYtorvdOEqdEDW0K+ND+I3vqO1uy/bJ+EKOt0f94jvBn3ylrrCrKuiKuiL5wPxzcT/YH4rPUxjAUq8lXi3La57xqb9pcXx9LKWF7ZGdQ+fxt9CjdhDIzRRrWZCeeYkxpNuxFE6aoGYdke1Cgfvn5BP6tv410RbEMRETRyL4Lb1v7ALryp/Ufr0RKdJUiHgdq97E/J8lAPvs/p0REEJQoCn3AJ+fnQ/X/wDd0RLUf9XH/uL/AMI6IlSk++5SfP0hRr7AN9wP4ffq2x7Ia2bwBEHUAdX8kSnF/WL/AH/8J6lRbnREvcfnC5fGmRyO23AiaB8LITDIPpHnujcr9W9b7hpgCCIZprLjeeeq2Ikb+mPN/wBt9wVQjR8jwWJyCa7NxRokiTxd30AtGxO9gnTHfg4erbIJbmkRNKzxGoLd4jrErq7Na77+ATybRUfAnKypBY4xMgi9pI3gIG9VuQVGxUOElhNynctr+1Yfekqx3KdaIPYoz/Qffoyzz0xajjUG1CHgjmETWA3h9t+kJwDsO3Bnli/luWDbZMopZJLsoObM/Q7jPX9H9GfROlt1uJfjn/Zm0+Q+zF4P33K8sasZQ4jJydOc2Wc4ibw00/qJmbuLS1xDlHIeC1YDPDBFxd8NSw809ZGx8z3cNPx67Tzn/SqrzST3nke/2R1rFiTHyFeuE30n2qXte3ENDc4cMPBkgOkUp6MujLM79YXrX/2ebHpU3syudVYxwFUGAXgEh0WMB0G4mB1qP9L1XyvL7vI+J8tGKk9Q+O8cvcgotHSFLjfqr6fVMri8TmsmMe0718dnuKWMrU/bGBrzVrUUMkGcxaTY0WLFD6Hsja42tSZTIAxFJoLmDU553mG2y6Az1cPlXpFsCvsWq172OGHrF4p1HOaQ7k8kiA4kdMbh4pruRjEcoxN7jeXS7ZxebigSlehLV53EV+PJ1osdd7/6DJcbvUab1MzNITI1aumTjatZIPoaFRjXUwTBD2zINufJuBH8l5GrTeHvlpEXOhtAMyFAj1u9JOQcis5PN9kcvOcFTgflTwvLWh5nhKssNXEc4w6QdsalI7bYvO4aGWX8hbiRpXuknIzdltRj5yuBjXVV3Oa2MxidEyOC5UIcDyPhfL6qZbA5uhbwuTxWRBsfmqFqFoJKs7nuaUSQu5k/LTMsE3YFaJ4YQkWJqMZSqNc6C+m9rRBuS0gCw48VkEESDIO9E/4CMPjPTf0x5dxHH3fzGN496o8mqYk2ZrUE0GFv4rDZWtVdwrCV6yZK3WLkyTv2FzI2o2HEpOa0kuMWga9p07FlTRzOZW208hnid+253pHLbtkO2LzwXcCRKjh5MenhgUJjCOO2b65+Vp+t7nfJEmS3pkkleMSojWvbH9BXoIIpMrkY3A91UcErfQEbMhMpkUExFo3K0/W9x+SyGl1gJMT3fRSjxaqMhLA0k0TMZakymS9OzMY5ONsvcY5Ej37ioRtR9ICsCNguVZMZurQ/Jbcm8flPu+fvUisRj5Ujps0aexclxE8TJk17Nxpx+pOFBPuDbePr0AQWj0p2ZFohbKTSxW/YSzb9v9sw/St6FW29jipYGQs7EfSv078EDRGtEiaq8jtUDqLU7CCqiCbKp2iSLD4dpCASB3IFbRYdpBYAn6eiJXkhIo2BDZv15lhyvtCtkZZEJlg5nTjUwhlQ95CRlnBVSqs2j9fRE73AuTJlprPF8xZsNerCzYoT2o4K/dRpvBHDEvs6ee5WmnrJpFQ2oyT7MgSd+iJz1ytvBrtI0NVopqWWgMTtHXknLe7Ylj7o4pMbWea7CYiUetBLQMUkMkV5QRLQtrdqwmuGngBlEUElh4bVCRZJS8VG6PcmqKtWqkQqWezxIrKobsPRFhjuWorVfvla06sjL+fV8XOwCJPLHWylYLTt6tyxsxnJ0/fD2RqjDq5h6jGMIc4A5iYM6QBw6iiXruUt5DF5jCT28nB+0cTkMbVhv4yLKNLJbq2IqSrcjEvcF/KwRibsi7mc+83arst2hVpuqgBwJIMC/Dw8Vzq7Him5zhFxvGpcOBPvUdOPz3sDkKcd8wQQho1M+TyMjEyr+VBlfFVFdoq4LkLHJ3IZe9yX/dPSqMfSaH1BlaRIJIMgzwJ4KCk9rWnMY5xO/gOCczLRzC0eQ1rF6xTmigFmwJ1w2Opz1xWriRKoRFsL7KKqkwSyO5DMmwkh4u0adYubVosLspBkEACSBvIIt395hT4fmUKjXWLiC0cRnnr3X3LaytpMrxK9BYkryLT/AGJdSybQydu6/wC1cdjfyyzLGZKqNX7qsccQilV7Dy9w7u9ejhnvq0zmkuptlw4MF5mSCAZ0vbRQVmOJYQLOOQGRd2sDrgj+SljlrEcuUyMwfazXrcyN2sO5JLErK2iARsHeiAR8EDryNYg1qpFwalQg8QXEhelpAinTBsQxgI6w0Ar6muDye7w7ism1PuccwcqlSO1lfFU2LKQSCpYkAgkeNb8dQ52es3+IfNa1gS0QCecNBO48EVdZBB0IPYZ8lVII1BHaI81XWVhV0RcRP9J1xk4/1b9N+Uxqfa5H6e5PCyHt+Z+K8mnyLyMwUbcpzSvDtiSIoYE8dgL89ZLXASWkDiQY8VzXkLKjFBthrQ0T9wD4Hn430WFZC7OpLaBDFfA18Afb9dk9EW/AR2kbGyx0N+fgfboiXapHYBsbIXQ35P0/YdES7E6FEUMpbsUa7hvYUbGt78ffoi3K7lJBoA7387+yt+hH69b0yA9pJgTqUSxHJ+6wILAAkfOiR5BG9j79XAQdCD2EHyRbwdSASygkAkbHg68/frKLYqzrFZryhgTHPE4CsN/RIrePP8P8OiJovWvm0XBfV3IzWZIqmO5jw3A5GzPZyEOPPfx6TI05I6xnjZZJ7Uk9OMldskIVO0meNl856VYuphtnYJlIkNqV8TTqvHRpurE5BUcLMLxEBxBdqJX0T+z3ZrNq47adNw5TLhsPDGjM5zaTfvIAkkMjn2OUzmjdFD1B9WhBxO/lq+Vr3644xczKVlnSbI+/mzLax+JT21ZiKUVjH0pJxHH7UqSM4Usqx/I3mq6tVNR/KAkFhDsw35oMnWBw7F9xweFGFNGmyg+k1kSXU3MB0uCQAYg6aBw3JKpclwGJ4XVqw5GX9ncKwMVTK5C6REk74im73L5LBQWtvXtWpvJLFwRr5MlFj3VGZWudD2k5WkwJFzAsulWew8qQ5pF2yHA84izddTw1Ud6N7Hc15Z6XeoXGZop7fDOYHJGdA5EvGuWULfCOdceyCIzN+Ws8VzmQzMVZ4lLcg45gHsH2VcN670dxpwu18OzMGsrZm1HEgNYQOYHk2bmzOyzBMEDevEemGzf2hsHG1WMNWtgm8oymxpfUh85yGNlxAFMSQLbyNUevVpZ9H/YzyR/me5EgnYV5IbDe0Gr0azAdoycSxxtcjQxFoErlWm7nP1NzHNqzlIAcHTBgAkOmYiIMzpF5i6/OlLEtrUA572io5rwWucA4EFzQ0tJmbARHcmb9ZLmS4Zw+3yi7TeLI8Es1s9alSOZ60vHB3Qckxf0lUuVZsDLPmbidxKZXCYsSOqoYJOnhajAXy9gsNXDietVKwJDYBNzoCfJRC9X+D0mr1+b8ciWzhbyLZ9uNRJJjGnjgnk7/AGQAfcBe52sFLNJDXU967ePaIc+mxzAXtBklgLgAJkkgEWAMk6QVvSBDGggg3sRfU7kO/hdhyGP436gNbR4Db5vkMjCy1u9WQ8Uxojb+kOjG35Fi3btlMU6eWjft5SlyP9V38J+SlJbtGOC2WM3urLMvc4r1I3Qx8vr6XuCzbImjQqoZmkZexSSgJMj/AFXfwn5JOqyvk7kbFA8cuRr+YXsTEJ+1MO4cPIPaOxOzBvjtKDRUMSUtFrg4y0jmnUEbxxT68KoLTo0rE8dyBY4qzTPLWqkIA/Hnm79gFBFGskjM3iNI2LDSk9ZbqO0easHQ9hThDKQiHAV5LVIezcWo8jwTpI0lXN4Sn59s+19UUckihRsqobXhj1fVEtcNWkdoI80A3L1dnMgfHP25eMhu6cqWF3i+wSB9Xht6347hv7dFhAL24vyqgmgkfazK4jtP3FsNjO3XaP3TpiGGxtft89ESnLbr/wBLGgx00e5kJZ7NfW7fMt/VsbIZkUKTo942pJHREJcqtzU7YyNGY1LNadJq9ivkFVop3yXH1YpIxbyVsFewk+JF8bYEkTjcE/EhBdr1K3NsfAlhakAtZHFWTaWaSaPFrKbdGdE/p5nyhNtEnsQu0kq6RyApE9nFeUcH5Peis8a5djLN6VDLLi5LApZNwjzXnsWcXalitz2C1e1Sls0q1ivNVi92PsarKHEgakDtsicB50WV5g87xSgSTGNTPUaRnJ912InWGR5gkziGNEZUkOguyg82M1pEibSOIndY36lguaNXAdpA80oYawKlinZhmnqU69iG8y1Va3EYkf2lIjszqXgYu4aSGy4iaNRIiCVWe1goGJpkmBJvwsoMUCaLgASZbYCfzBJPMeIivYsPjlhrMzd8DRV/z2ZurJEJfPuB464Jgi7e9ABGXdFJkQn1mPpvqYZgpsc+GDoNL9JtzQfohcggjUEdojzWlx201iK3icpCBbgjkgiTPWq4UOTZYGKjEwMzgCMlQpfbD6FHY3XPaGVIpl7RNjzgCC0TBkiDa4VwObA5zdBvHzS3hMJLfy0mArvfnr5ScNA7V6lKrFDWyM2ZLoGQTK1FKcVqFux/6JIGce2/cN2tp4d1eXtDDhhDi5oaXgu5oIMTABIBkAz1rLy14oNa4OIrkkNIJDS1gkjhINyCJHUYkRLJ7rs/2YkjwQdEkjYPkHz8HyPv14moZe8jQvcfElehboOweS+qPgEnt8J4hFrbVuLYCs4Ox9aYqmx/8mHx465iyjnqzRIDTJA5x1PUFVr9MeyPMquppHEeIUKrpI4jxCLkh/pdMvxThfpf6QeoHKc1jMDUpeqL8EOQylmOnVjbm/Fs5lqsc9mQdsUc9rgqxx7Onn9tNFivVBW6p5juxpH8Qn4LjdQ5Rx7LxRz4nP4TJQv3FZqGToXopEA8NG1W3I+9/vIYiyqO9gFOwgnQEqolOCXb9g0VdmfuG/uuxr+B0P8AHrMHWDHGESjF/WL/AH/8J6wiXIm7QjAb0o/8110RKMUhUrIAN63o/Hldf+vREs1z3GNj8su/8UJ6IlJJCm9AHevn+G/+fU9AgZpIHR170W2p2Af1AP8AiOrKLA85Quf3Qnce4fIC78j+Pjoih9/pEaUtnEel/J6dmavMcRyah3QlNTzw4GXLU4Ju+N3Mb3kTZRkYLEGVu4gjyPpiCdiVIBP/API4Q8dCST2Rc8Avof8AZdjjgvSGpTEzXwWNBAtIcT47h/Vcd7uX5HD6U8YyTZf35eeSenWNphRJE8dbk+QwsdYySSHsZyt1BtdRhlYt9JGvlq/QbK5xE26HAbnTr/D9aAy/H16yf/Zx+G65Dxi9Xp5P1Ty8HEYJaxMgFG1XvZLLusgPg2cTRs0VkBGnugro9dTZYMvkGJePmLDXtPv15e1qn2LCsqggcti6ZjtcBwvO7WCij8EfqDjPWLF8rgxCwUbWMwXHDIIwYYTlXx8kOVlgVd+2RMyzkj/4hGtgEmNuIdh9o0YmX1qep9V3DtdxsLGIVylR5fZ9XT/4nCYgGNJYwaniC+ZtoetOa8NnCT2pYbPsTvM8wmfYyIMTsxqrZRJJ1hKFFjNcRzNC6AN3ohH3sVOVoNqH81Fpv1UwPgvx9jcP9k2hiMP/AJWJeOGr82n+5NbyTkGQy9TMY7I2Z7mIytOxiJKFmazaS/jstVsw2owl0kxfmIJDCHWONg7sRsKh6joES4zaBfvW6j96IX/yXEMx6dW7cuTg4flMjwoTZItYazSw082MozTOQXayasS3slIv1KteyItdqDrrD+5v/wBKt5PWzAc7bfmB7p1R9wvGpXqZuilEYmoMvlhUW4Wgs5KjHjspROXroug1T82L0FVz4sVIaGQQexkID1wleRzchEthYI17la5GHmhjdWRGy0kbP+akJQqn7Qc+R9DRp8hX6IlnjFGoex5HiZ4lqWCZrDSFmEOBshXaPSFNxhB2gfQQGJbz0RPbGkNTF2Y4EAVq9mJWgstXUBsDStkoWOm3JEFKa+okt8jrLdR2jzRewS2YrmO0ciwGQll+t1Ybky+CnI7SD4BssoP72gANbPV9Q1+iPaHkUFZTMfldIouThsqrmQ0HJJN/iaa7u3yAEG9+d+PgdFWg8D4JuxlrMVKM991UFSEh1gSB2P7FofSQy7C/vfPyQp3odEg8ClRM1KRJ7kt0j35SBNWM0e/2lyTRBjAAfexofAJ39uiQeB8O/wArob5NlY3gmX3q8P8A0iMgHGSo+vz3C5fkfK72AN+db+eiwmoweQMizGN9sK8E/aK3u/8Aw+MWCNRjuA7oVU/wYk+TvokHh9aedkRYerNBy/il327JFLNYaZveryV4pY4shyE2YJSjIHSatXkjZSfiaTW9r1FV0b7bfIrMEaghdM6OO5Hyb1z9deHpbikoYj1a9QqnGYJokiFCjjc1fho0Y7sAjs1q8UUXtQsJViifTuhDOD2qeG5djX5c0NDZEbrgeBVSv0x7I8yseM5JiLMklOy82NyFeT3J6Vp2jvwP2aSVonNbJQWlHcsc8ECTJE8qzSy1pHij5RqGiQ/g4A95g9qmq3YeMiO2flKc2plYXrRpamYOiWYvzMMsl63kQYZGijSUQmOnEodYopZJYzI6NEAXKhvWYXaJFEX3/wDETvPb74C5Nfpj2R5lDOa43El8ZLFtVoZASxlKMFVchakSSwQ8cjyCWJbBEkrN3IXC9oOgVI1OGa0msIkkut++Y/5KFFHp/Qmv8iXLvEY7uIwuSGRa37bZKCRsbBjolRI9RVa0lzMVYVRE9z+kmB8MNU8b/dz2uvv0Hfc67uKmwv8AeG9mvfcR18dyco2ShKqAyqe1WO9sB4DHR1sgbOvGz468idT9fLyC9S3Qdg8l9DuN9Q/xA1KVaoeC+mccVSKOrCq8uzDkQwRrHCNf6rrrtjUJv+H8fHPVWj0+4rfHq961udTcN4CE15EPJs18jyD2txoA/oT3fp46LNYQ4eyNSTvPFZh6z+qlWJ3n4jxFVXbajzeXdz4GtIcCoOyNE93gedHWuihSXN+Izndcf0vFeOq2gwC5SxKCpPaD9VIrvYPgqda3860Rcn/9NLzHO+tf+jw9cMNluK4VZ+MScF5pg7dWd5rWMyWG55x6tkb0KGpCG97imS5HiZh7idtTJ2mJcfQ0lL8Rvf8ApKL8+58nagdRXnnijKd24bFiCXubuHejxSIFfQX6jGzeNE60B1qHQPtHyCIzwXrJ6rcZWOPj3qPzrCRxEBExnL+SQqEGlKmGXKz1D3IPO63arHujSMhCu1X8N3d+oIn343+O/wDFbx2SrHj/AFi5DbhrxiOKHP1cJn1CxqVUNLexf5hwYlVCJJnYv3ys7SSMeqaJ9uNf6V38TWDYw5yn6d8uiWVu83+MyY6edV8oJpMdfjTvWYLOWgjgjLARrEkX09YNPlvu/W7d3O3diJ/ONf6ZblimOvyb0Q43dLge9NhuYZfEoWRe5jHXt43LJCjuu1jVisRKldlB1j9mnj+r5IpC8T/0wnonceEcs9OfUPjkgULYbFT4LldeGYow7UZb+IyVmJnHbHMMaJSpElqCsO/sfs0+PX9EfUwikXxP/Sefg/5G5hfn2S45P/RrKvJ+O5HHQVpSJO+C1brLfgryQuhhlMjBPeaNImlDFlx+zj1+9FKTiX4mfQXmkcDcd9W/T/Je9HE0cUPJaa2GMqF4gYLArvH7qqxQSmNtI3cqsCvW4bkGT1Ob/Db4InNOcwt0RSU8vjbYmJaJq16tPHJG+mDxSpKUk+kqSEJX6hpyCCSKOX48Ha3+GjE5uvPXil4/zLB0RNNPCka1s1ds4GyFf3T3NMl1CigMSY+wDb9y8vbf/wDUbS/9nX//ABlei9B8b9l9LdkvsPtVatgL781QMO7W9u3UnTgpSz+PyHpt6IcdfJqtmpmPS3H5Nk7YxXaCHGQ2WSVmKkRmKXUhHYoUOdga6+If49Dtf/xX6yw/4GK9lnlVUV/9JV6h15OT+n3pJhLNvKUeE4POchsWovytxUsclzMMeKTIzCxXETQ4mhXlhtRrMe3LvEaqKTN19F9HNnurYTFubd1SucouTmcIbHeRpO4L5H/aDtxuFxmx8C8w2kyjjHexSe2oT1Waf6ABHv8AowPV1+A57IVMvE9ahfyMdGae2BAXgvRQ+Idq6ErL47hIQexSSvf9Pmdv4TE7MxuErYgEAvrFsiOhyObhpI3dfb7f0H2rhtt4TGUKBByV6ofaR95SZlJ/gI+iV1r5tjczksrlcXjYAJZpmVZkmi9h4Zh71PINLvtjZK8yTe2DIW0I+5THtvp2x8R9r2RhcR/m0Hnwc9vwX509MdlnDek+2BupYoO3/wCVSdpxi5AsPcoJ8v8AwierPJvV8c0g9b89w+p+XpUK3HsPxaLMYSCusSmw07WM3DBbnuzyzSzOasXt93YA3aztdoau7B5rzanT6efg59P6JyOSvepHKTmMnbks5m3BxXHV69m2kCq9ieOlHXm9pWV5QkWWhlQu3t2q0iiSOxmxQMNB5HQ8Mp6f/KVn7dyP3cTl7N8u+P1aZHZP0Z9NeU5RspLzrJYr8vhOMccix+B4nHUo1KvFOM4jilGSJb2cyllrVyhhq969JYszpLkLFqVIkheOBMrP7RHUDHV5j698YG/Dr6Ru6zv6gczede0pMnGcHZcOPyw7mjlRVK9tSBd78dgXyCeiz+0R1fXclHG+hPpdjhFHX9QuadqOoUScNwcaCPsaPsb8tNXIBDDubZXQJMbMQwJ+0RfTq0v7kWyei3p5cryK/OeQSiSOde5eN4aJQZK81buVnEsjFPc32tK3cVIHaAoUtTtLq8tffA60mS+hvp20kEkfNOUv9f5hVOMw8ThobcMybKwAntkhXQ8Agg6GgOiftIcBrH89Jj48UEz/AIcPTUCM/wCu3qF/RWvdB/Y3HiS0c1SVDr8uNdslFW+PPdrx27JZG0hO767QB70Jzfhr9KhGV/1x5soaMR7TFYFW7vZaIuT+ROwVEf0/bs/eO/BDtIDh5+4NWnL+Gr0ydw0PMufqRI8vuR0sHGSslmxN7O0x4OlaUknZBOj2j46J+0h1d9u3d4TE3SZc/DLwuUhI+eeoRZTWd9R4IhgJsa8P0y4uTRhapACR+92+O0b2Q7Sjgf69lhF57kgU/wAL/E6kzPX5pzeQMrbW1DgjpjCISwaLHQroAAhSm/LAsdjRP2kOrwP/AFv2d625Pw942O9Rkr8tzktiO4lmsk2KwbRmybF+yvcY6yFN2LRfv2QoUqVPcCpYOMFf7se1od3cOP8ALengi4X6n8Y5/wA/u43lWCizHJeQ5u1mTJxzFTxpcyE0L2HpzP8AXEAsi6AYqxDHSlm6uYfG4nDsNOi2Wl+c69IgA6Hg0fQVSv0x7I8ytD1H9NfU/LZrEzchynCbWRFSC0kmBwEuLzxrTY8JVq3cjSKPHYoIotLW/KWUgl+tpG911j1qvxjmO5YEUyRPAXt23hQ8ryMP4Wv1211Hd5JEp8C9Wqip+WyrQyP2xlbcgZga8MZWxK3ayPHZZOyeIopd2mIZfcAVQ6B9o+QTl+X5+kc3WdL/APJFOG4760QRs0kWPm0WiIWYxmTx3fROEMkKuX7QiqwA+SQ7KLdCpyNVtSYy5ve0t98wtazcGKTjTjlebGmuYZtBwlTO9DuG8qXGW7Ga4fx27DOpivRZHkPIsdOjlonjaGXj9aNpI3kgiMosSSCRlQiKIxB5bGMrGvQc/WDl46CevSeMxfsr4X+8t7Pj27/l2F/V4TiHHdY9MuNNIf7S859Re1gfO13o9pYsR4Hj7Drgt0HYPJdz9oZSW25pLbmDzber8+1dxwsYXQjUN3b7gqj6dfGx5+fOvjplbrlE8YC1kjQwhrIKugvaO3Snt0Nb7m86+N/x6ZW65RPGAkk6mUNX5IWqzd8ff9B/eRG+PP3P89fx6irABlgNRuRN1cAIOwD9K/I/7fVVEzXrj6bY71h9HfU30tyUAng59wjkfFoIxGrk5PL4yxVwzqGB7Xiy70ZUlQNLC6CaFWlRAcEkaGLjTtCL8yfmUtvi2WzOCuQ1a/J8FlZMPfwOQsfkZ6WRpZAUrtO1AStmE12SWQRpETLGEMausqhutUsKcWmm0mLSZdcxv60QxQz167LFBPiRVWTuAsxXC8SKsZdPcNqvBIssjARlPdCgun1MxYGOTxPiiWVsN3lA0iurMp06nRXex3Ruw/UeD/5HfWEW2J10N9xOhs+Ds/c7J2dn7nq6wANaQADlFwADcXvrdR1bU3R1eYXonUHY7wf1Ggf+LqSTxPiVUzO9Y+JV/uqw9sN3CTyy72Ngh9ON633KG+D9QB+QD0k8TrPfx7VnM71neJ+aV4bDSLGO+Turr2oSx/o+9Qr+2e4lA4QBtdvcAoO9eEniUzO9Z3HU68dVuCVAVcgmRQNPodwOhsht9w+P161gXMCTcmBc8SsZncT4lH3H/VT1K4wU/wBWOecwwqxtHqLH8ly9GFVTYQrDBZMLMg2EDR9oBI1o9IHAeASTxPiVvcy/EX62Z7BwYrlfqfznk/HMZl8Rmzx3Mckv3MPPYwmTr36pmx8jivYeOaFXieb+rk/pNFiSIcTRZWoVqTmNcKlJ7C0tBDgWkQQRB7DZXNm4kYPaGCxZMfZsVSrgzBaWvDi4G0E7yCCd689ZOVYHjP4WOJ8n4/yJqfMLlbiUklePIRS3kvW5oMhFahhadoqdfF0LEtC6QwB9mq7xzLLOYvkWzdmB206jXMa5ofWygsBAAIiARYdkL9M7X9IKVP0Xr4hlZ1PEV6WHNDI8se4sbU5QS0g3z0yT2ZtSuXuRt53nnJGynIslaymdsrXVr+SnSzJHDAi14CLKyTIIBGY69dY2ECRIkadsPaeve4Ngw9CmymBTgAnIAyXA9I5Yk8DrpdfEq9WrtQipjXOq1arDTzVnOe+myoMpa1zyXMbB0aQOA0U+vRPiXrbRwb5vj3G15pg8bPVktPicxi5JKqCTsnMkMlyK2siQe48US12eSSD6I2IXfB9J8I7H4elTPOeOWyudDi0nk5gm40BsbwJsvX+gmMd6M7VzUHvqUsSAatMuJZNEOIJbmjM4VSDIJIABsBH0H+kkl3kHpjxnkudry4y/bxdaKxWybRQ2oJ6fdTCWELEd5MAbuDMWQq5JYkDt+iODfh9k4fBVJc+nSfT514L6lUjW+jx4XuvOenu0BtL0mxuOY0U24qXljIa2RRYyS1sAkZbyJ1JtdIXLvVrEcQjsFsr7CVI2aZBcEFeKQaMfdMJko12k7/c3esVEMamQuEBYenbhPs8kgc6wtw7SeK8Y2vTo3eAc1hIBiNf5oM9AvXr1A9VfWXH4fiVfL5rgFGPJ/wCu2brxfmeP40SYq9+SrSXZ5lrftSzfFQw/ss3XKGV5pYz2LJvujdw3X1t1yVQxL21X1KjQAC20ACIYAYjrBXTDjuEVost3hlMbxyvI4OgpilPeT5faL2gkA+FAG9AdYgcB4Bc2TxPiUSWMXUqx2bNkJDBCJZHecrDEqoxJV5nIih0AQzyvGkZBDOuusFtjlaC6DAgXO4eKSeJ8Shyoy5mO1c4xhOTcjq0rMla5cwmDyU2Fpy12jE/v8ou1qnFYljRmmeSTMtGixTRsDYjNc74fC16z3Nq0w1obIOWLyB5EpJ4nxKUrde1j5auPyHI+LYa3ZnngXE17f+tufrtFUuZAtOKVjjPD8aGgqun5nLcz/KLYnrUxIJbMaQ9Wls8gMmpQa0G7XtbnALjMk3vqJ3ERotXOLQXXJaCeMxePEJTtcPe5UEuCyfK+QZH6UhyM8S4vAU/zClJmaviuLY781LXhlktUIhy7meOe5WhEltq2lrbbRwmFoUWvo5S41Q0w0DmljydOsD6CqYbaFTFPNN1MMDWl8iRcOaI3esT3LMMCWFgtLGDFLLI0U06RSdh7FGhM8Y0rBj5IP17VWBYjinCOqy9tgbaWtYnUR7ldl24me09yz/6n2HiWQw25FYSBXh7nibuWURupJG9bU7IBXXx3DrX7C/1vef8AspDTx3+Qb8Gg+TbJapenWUsJuvjcrOdHaR17DSgKx25jChxGCyr3le3uIG/I3sKPJDI6CdZN9e0lYNPHf5DtNcg4m0FpjjotiH0ozt2wEgw2Vru6xgHI1rGGU+2sa/1uVSjE7d6hkjjd5WVTIsZWKRkzlbwHgFnJjv8AId/BPm1FeG/D9i5V9zmHqx6McAqlu2STknqlwmzZAIUgwQYzkU9cMdSdstm9BXUwyq5G0ZmVvAeAW7cLiagmoHUzMZejIF5i2+RMbk7mH9L/AMD3GYf2hzP8TfplyG1pkhGP9UfT+hjI5njKxAQYzPWsjJ+XlJsujTokq+3DI6o7HpA4DwC6Y2dVFwSDxEj4Jn8/B+H5ORm3x38SPphy+W+a87xUoOWz3VtCBIJ4zVw2C5FBYjlkgFhpGmisR6Mk0QjkDNkADQAdiqYjBVw8S93RH5jxO7X3Ig/1GqPbFenYoZ6OaOK1TyeDaW3RvV7FOO3HNAbFareRmiftkS3TqzR9paRFh7ZGyXOIguJB1BJI8CqtTDVKbS5znFoiQTIuYEg9fzSxDwmsWCmM9rDyCoKnQJGxvR0RsePnz461AA0AG+wi/FQgkaEi82tfj2okxXAK0sqyiNeyJwTI8ZC7AB9tSUJ7gCDrXbo+G3vWViBrAnjCdzjlGpWsHG1RCkVqOzE8ioEPvpCJoGZlTZf8xEVdwGbsk+ksWZQ0GUaG5G4njGi2BIMgkHiDB8QlZ4YWZmaCLZJJ3GmxskkeV/U9UHRJjSTHZKutgtaTeWi5uTbeePFdY4Z0dAxfYbyp03ldDX22Pv8APnrC6SFL87gBmc60o3/3m/QdV6z3NcACQMoPvKIcvSx/lZR3fKkDw3yfAHx9yR1vW6B7QiB7jAHt39RRSBo/Hefv8fY9VEQFyqK/keHcux+LkZc1e4xyOnhWST2JFy9nC3IcU0VgtGleZcg9dobEksSV5Qk0ksaIXUi/LS9ZOF+qXptzi5xjlfBGk57xvmFrjfP8bm2RuSYO/TsMl2S1dtF5JXex700VqC1ZitQyR36809K3BYmuUnue2XOLoOUTuAAIHZc+KIG/aWayWfyfFMnxfL16EdCrdjydWyziVhNQkCLcpTx+3JBIQ59qwbEm2jlg9lmJkRLkWCtQfVT5JyGlKpOorkseSi0R2kLFkajSKwBK9klr20ChleSbu7yJShTktYprM0cggG93MVHWkI7e0KzV7ftsR4cyLXIdyQoRddu4qPAgOMCwWCARBEg7krVZcyzf0sFCY7PiGw8MZ+k77lFG1MvnyojOhrTbXbdOUf6xWvJs9ULHLk56cjGxir8a97blg7J4SQSvcoWvBbdGYgRla7sVYNKIx3a3pvcXtBcSCdE5NnqhZ6/LcMhKSXJakjABluV7UK96g9yK8tdE2h2CAxJ8a31aTk2eqFs2ORxS19Ym/jrV6WapBWgnte1HJJasxQqHaJXmH0uxAjjZiwVdbbonJs9UIihflNZlW7gMfJXGmkv47ObWOPRIkerdoV5pFiGzJGshaTf0udb6JybPVCwZcS26tqsYWjkeGwnadAiXtPYW86QJIAQzlU8E7KhtZbcgESDYjqOv81VLWmoWkc0vgjqmI3fPhJSpwj8DvPfWDi9CTAcb5S0FvB4e1TyjtrjcEU9OnM088l+1PXuxyx+6qVMe8Vv23eUQ+ynfD5TEUKWFxT34bDtDy54LmNJIk3uTvAM9YkL3TKuJx+z2Uq+KeaeGa0UWPc2GB4JIbAv+G2JJ0HfMD02/0UMfForGf9VeR4mjjvaiexLJZPGuPJVSKOU0oorUslrJrI1bvm9v2kKsi1mcTHsvYbCVq4om7BVLQZ/KHEAmJ3SSqBeKVJ9V1fO6lTfULc0l3JhxiIggxEAX7VJpOb/he/DBx98JxGjWzluCJrBdIo8HgpJoB7g3WiWXP5qRJT3xloyshPZDMomJHTfsmjRymsW4jNOTN+SIkiD+aRv3KhS9I3UHZ6Iex+mYNOm+ZB17OM6qGPqn+PnnnIpLVbjIXG42Os6IkcJx9CrCDK6yfk4GnmuvEzSyg3m2+whjCMV6uUDg8OAG02MeOkQYMgmDfeuZi8fWxtd1d9RxzdGQAWiIIAi0mfFWfhk9MfU38UHqvxiT1Crc0PphStZDLcm5Eo/Z2Nr06eCzRq1KKWkFazbyGZbHQVPytO/JFOEsWYvyteyya4vEtqNYKbtCSYIO4QqjiXxmJMaSvoM4t/qH6E+muWbjnFruP4dw3GZPkFzGYqvJk83kYsdFJcvTELIk+Wy5qQSTxFpIDZMTQwJSMiQR0hVcCC5xyggnsGvuVY5jVFJpMOc1gHtwI7yUM/hd/wBIR+Hr8QHKuT8D9HM2Mh6rYihZ5XHhfU/jXKuLcaiweFbH07n5qE4SR8jLDevVUmqJyFLE8ck/5emVQSxT/bMP1eH8l08NgWtc41qYcMogG957eClr/wDab6wQ5KTJ2sz+GfBXHnedbfH+H+oWQnqPI3d7kcd3l1Gv+YIJsfmIKNN4pdpDMshE8kzdo4amyRQDnNlwfF5BLgZ4t0FosFc+x4X/ACWeB+aR8vzjkGaWUco53wLPw2bIsT1rXC+cW6Ut0MHSx+VteqVqrKFKbWGeo8G9K8bKva0Z23Wr8ykXUnDnFwEEtFstxxIMdSfY8L/ks9/zWg3PZcesP5LlnFcY0M3fvBei/EoptPHIGC2MxLlTIG9zvf8AMQyN7g+hvbURtWfVq1Hmo97nPJBLibktAA0tYADuT7HhT/gs8D80l3/UrKZCKOG161+qSQju1Tw/G/R/E0Ye1mVBGKvpvVv6dD7gRr0sO3ZpIhKsXtbOr1nCHVHETME7/orRuz8E0ktw9MEiCRmmJmNeKFLHKsM7MLHOfWe02iD7XqPexI05Dk+zg4KHYN67l0IpG/pZFaXtcG4iu0Q2o4C9rb+5b/Y8MP8ABZ4H5pPHJOPGRzFY9QrvwHbI+rHP7zADxGwkGcRe9lBL9pIU/SBr42+1Yj/Nd7vkred3H3D5LBbz3FLIAscJqZcAgj/WHK5fkDqQGAZWzF+2FZASsbKA8aPIiMFkcNo6tVeZc8k6Tb5Jndx9w+S0hmOL1yr0vS70zhYH+3w7BzkfOyDYoSEA6XwDoaJAGz1ryj/WKZ3cfcPktl+atVRVx/GuGY0Ds09Hh/H6jgr361JBUjkDaI24YMQqgk9q6co/1itTzjJgnS4Czn1T5gCTFklr7ABatVjhn2DvxOsiyKhHhkDhW0NqenKP9YrWq94YSHEGRcWWCX1S57YVVn5Ll3iViwrtk7skZcgD3CkkrxMw0uiwJUqGXR89OUf6xVR1R7rucSYju7lucX55yd+XcXezyHMLA/IsJDZDZC3L3wT5StFPGT3vJ7UkUrxNEv0GNmXt7SR1FWq1GskPIOZontIBUVQB7S1wzCJg8RcHtH8tF19xuH95jNOhERXSBTH3Eje2B7vB8gHu1sD9db6QMtaeLQe25XBPSd7R8glaWVSoiiLCFTvtbsO5P3S21A+VVR8/b+PRF4jV4LlGTXY0TSWZl9pQrxxiOQFnJDeRHP4VW38E/UOiLdkXskkjLdxRypb/AGteQ36fUCD4/Xqi/pO9o+ZV5vRb7I8l1BrWCaUTB1L6UeO0+NefA/j9+oarnNbLbGQJibX4rpIdvzeAHdQNKdEqv3b+XVVzi8ydYj68UQpZsM0RV3UAlfB0D4Ox/wCY6s1uge0IhG7P/aDqXCKANrvXed+B8+Cft1URDXuyf7X/AJD/AJdEXB3/AEqn+j+/D1+JrndXn8fK+SenPr1LicdW5HkePcXpZrBc1ow1HkxEnLoshapIuWihV4bWcFiret14sVXazZKRQSbtqOYIBtrEDXz3Ivnv5d/ovfWzB5CzHxrkvEuUU4ZFWGOSrm8Qzwn+j7QtyKaiskbD3JAtxoSqKkLSOqM+3LP4jwRMVyb8Fn4keIPK1j02my8Vctq5x3IY7N7XTJ2pRq30yKg/KRpRk9tnUSSaWUROWfxHgiZPL+nPPsB3f6w8C5XiGjIWRsvxbK0grE60Xs01j8t8dsjKxO1ZgQT0mOwpYwuJzFrS651gT70Qg9eJJhFahWv+8Gjdfy5+kH95foOwwHz8a11tOE4nxci3BVr6VkBCoqkdsj9oVxpDvuPhh+6d6I+N9YL8OBNI8+2WSYuRPulFm7I2UxP/AEqALuKZjMgA/dPtyF1GtfSe0a+3wNacs/iPBEC8qyFDB5fjcMfGsRkZrs1S1BYsQwRyY+8ebcB49XuwN2Ah0/1qlkJBAUxq2u4KQ5Z/EeAv9dSLJi/UjEcsoRYvI17dRM7RpVWSrM8E0bZ7FcRmhSG0gMkbwTcwpwxyoGdpOwfUzKC5Z/EeA+r7/dCJfThsuNx9ySDlOWsRxVp7MsOQNW9KEiheRoRZWnBZ7QoZHksvLJ8NtW7y4VqguCPBR8m3NmvMz39idvinrR6mwZfhc3Bo8tgMRwjJ4PI4pKlixSp1YsDPVkAKe21S9JNXqxxzfnIrSyqmpUkWWRXzQdSY6q+pGaoWmSAejnmBoNbwLmFNUxuIp020mPysIIMASQIi+vUiX15/El648zzuOqRjkBs5UgR2KUWWyt+nFbkkWKGteWqY6U2jAsSUErKskcftqpCdWXYmkGuDHAEA5QNxi0X48NFzZcXZi5xMgwXEgxxHAxcLc9KfwGeuHqpOM/ySObiePyLL+Zu8oW3LyW4gBcW4cVO73oZIFlZ6/wC068S2XkQRe6kcvbWNeqdXT2381JyjuDePRH1ZdVfRT/Rx+lXBvy+SzmKXmOfqN7/7T5FG0taNgA8ZpYkCOuh7lGxbjsSvLErIEjKq0LucS4kyYmCRp1SqdSq8PcARrwA7er63LoBg/TTFYSOCtSpVkrw+1+XSCuIoYSvyIYY9RRdu2UFUVgSxHliesARx7yT5rTln9XgjaLCvWhnrx1opYrcUlWRJ0DR9lgCNwySKVcOpMbKQe6Nnj0VdgcPux4/dd5FYa9wqsqCMzXtcLWlpBFtDoLb1x19Pfw7470c/HbyHLYutDVoZXiPLUrlYWgMuOy01DKVFYMAPcQQVopCD3CaGSPfd3jrn5G/R931frXqaFR9XDsqPguJ1AA3dX1ZdJPcCRlEdQAraAI352db+Tsn4310KLiKLWACIcLiTdzpue1RVKjmvIEQI3cQChTIz2RNIqTTBdp9Cse0AxDelHgbJ8kfcnz56yABcAAnUgALTln8R4BJjPKFLCSQykEMCzE9vn5Unx4C+dD5+fPWVjlanHugfKfetANI8YKF3YMQ3aSxGiw0QN6Pj7gHonK1OPfA+Ue5a4DSOSoZpCNsV2X0NDz2+dfA8+Pj+HROVqcZ7h8AEvY1EirOWAjkM5Ha30H2wikEKdeO5m+rXk+N+OilpPc5xDjNidAN44Lf70/2l/wDEP+fRTrUMzj5cD+YUf5joitabuGmkUje/lR5/u6KvUqOa+AbQLQP6rWkkIYdjDWh8aPnZ/n/DoonVHOEE24QP6rEZnHkuAP1IUf8Ap0WiUsHaaPOYOQSoDHm8RIpPZoNHkazqT9tBlBO/B158dYLWvhrtCRxGhnVYOh7Cu4k+XEEZrwRxdoC/Q8pSQN3AkaLd+gBv+Wwfv11XtDBTDdOTB1ne7f3LgHpP9o9e4b1rV7LxozsGZO8sVH1HbBQAD+gJH938+o0WtNYlYTs7t5gsdpcnagxSdqgk+Bs6AHjZ0PnoiI/zXcEczIWkhryMdp5Z4I2Lf97exrxo+Oo+SYSSRMmdTv7CFeb0W+yPJdN6FhvykP7n7oP3+D5B/e+489c6t0D2hdJD2XsN3KPo12Id+fnvcf7XVREM25S0ZYdpYdoAGz47v03v79XntDxBMIhyzECpkPd3KAAPsR3fprf3P36qVGBhABm0+8/JEg6I8lHcL9RRdBmA8lVLAgMwBCkggEgkEeOtEXKPn+ev87z93kmYZRbtpBGsVWNYa9etXAirV4kPuv2QwhUBklkkIG2dj56mp02vaSSdSLRwHEHioalQsIAANp95+SbG5hYJX7FV+5lB2xUDYZmO9IB8D/HqTkGcXeI+S05c+qPEpMn46hVo2hgdXXyzKjMATrQPZoAa8Ag+Sf16cgzi7xHyTlz6o8Shy5wjHSxmGWnFKrp2kse/wCDoKwMXyAw/o/pPhe1QqjX7MyenU/iH/VOXd6o96bLkX4efTDkhX9t8F43kj2t3Paw+OlldmGnd5TV9wvISWkPcO52LHyen2Znr1P4h/wBU5d3qj3pg+SfgC/D/AJx3K8AxuHlkeR0lxdi7jpCGOz2/lp1RQFJAXs7VB7UAQlTltBrXBwc8xuJBB9wTl3eqPemTz3+jB9KJ4pTic3zDDH3B2e1matyvCR39oWHJY2ZmRvKsPzK7JVtkqoO1R1RpAYwOmZmbR12F93Wscu7cG+8/EKOvNv8ARSXshLTs4vnFW+KTq1NMzhWDxGPIYrLJC97E5kdq/ncNQlklkq1i7VozFGjFhHq19YuAcxoaTBIzSNe35eKnFWmQJN4E33xfcd/Wo15P/Rb+r3GLVGzh4cLn48bYpT0Ysdn5qTyDGRcRippJDkqTxt7VfhWDheJbPaAbQM3dLDLFOs8pT9b3/wAlbjvwdfiGm5BTxuT9OrlfHXbENTIZGLN4KCtRq2Z44blt5b1hZLKQQvJNDBQp3pbCxuvarNCsxaVKzGsc5pBIaSATYncNB5rqz6ffg69N+JmFquBnzltnhaC7yB1umB5D4arUWtBTrr3dron5Zmj7I1D6TzFUpCpEuc2J03zGvgua/FPfEtYInSd8dfUpc8f9Iq4ESWKQRPAjjiPtLGIdAKoVQUBBACggLr6AnnejcO1pBzvJBBFxFjN7b1py7uDff807WL4FUxyIkdWNO/aEa73Ib6T3EqzbAO1Owdk+T9rCcu/g3wPzR1T4dNMAUrCFG7AJO3QYeV7iui30aO9/OyR89FE4lxJOp4Inx/EIITGsqib98yMFHaOxiwCbU6OiAQd7I8aHUlNgeSDNhuj4grCT+SYutWiMdeEKw7WViBvu+RsgL9IOt+BoffrWqwAuYCYiJOtx/NbNu5o/eHmoZ+q/BoU5rxTnUUMP5ynXy/HslIEJkatfghuUJQygDtWaKzAxctr+iVQpBLUqlMMAIJMmDK9Bgqwy8k+A1jZafzEyBEm2m6JPdCG55vaUEFd9wBDH4Gid6BB+w6w2q5oDQGwJ1Bm5nirDhQc4uL3CY4bhCSZTFLIZHmjjLEfJBUkAKFUb2GIGwSSPB8dbcu/g3wPzWuTD/wCY73fIrTb8vFKzvMGBAHtrrvB0p2zHakHR8AD94efB6Cs6RZuvA/NCyhBPKOkAnVu7u+J7FZEaKtI0TyN7jd7QqjEp9idhNdpJ2fk7YefB6tKpylP1h4/yV0na8jNRoWVQ67QlS3KoUKA2hHFLJ+/5Jb6QfGxtR0WeVpet/wCQ/wCq3Tjss/8AU4PMlfkOuPsyE/YgpJDUA8/2vcJ+AEIJZS2ZXptMtIMiLmRr1AcFvxcV5fYJEHGMwQATuWqIz4IBHb7rfqNHfnz+nRSfa2/u+JSlD6beodsf/wAsTqoJP9dGG2ND7j4+r9P7+q3KYj/KB8fiU+1t/d8SlSl6L+pFtirYipAQGOnujZA7fIITWj3a18+CfjoH4jfTb7/mfrco3V6b3SSJjQHd4FLtP8PnqFYftlOOi/e8dkxY6AIP9drR2R+vjpnxA1pt7g75lRPqtDTlILpEcOuRbzRLB+GXlEn028rVQbP/ALvTmfwAO362l0D3b2vafGjvz1jlK/8Alt8Hi39e3s3qLl38G+B+aOOLfhUDZejLl81cNetcr2HStWijZhDIsyfVOezxJGpYd6kpsD6iN3abQ5wBkTwjcJvMjdda1MQ5rCQ1s6XnfbdHFTmSrYM5klOwzEsR8j6O0BfnxsD57j5Pnq+55dlmOa0Ntvgkz23XL3k8TJ/klV4WVR9CNFodxcuJA36L2uq6H0nypPlvPxrVEnX2erTsOFiDe2WRQXZSHIQdwLlu7RPgEDYHj52RKZlZUgA7SPylLR8n/wDU4P0PVc1iCRlFiRqdyvM6LfZHkF03wErzYus0h7mEUCg/wFWAgf4k9Uq3QPaF0loZb9wfyT/ibqoiQOugi1Z/3x/uj/M9Va/THsjzKJEiAMiA/BYbH2I+4P6gjwR9wSOoUXJbIlbWWvs8UUazXbchhhT24Y+6WSQRxICeyNDpY0BPaoC7OurVDoH2j5BVa/THsjzK0J6NXvH9EP3R9z+p6mUK1ZqNb22/ox9vv/2h0RaX5Ct/sf5f8uiKvyFb/Y/y/wCXRFqWaVcFAIx8N/6fw6ItGanXMbD2x9v+IdXMM0ODpEwRHVqi0fyNX/qh/iepqzQKTyBu4niFzKjnCo+D+dw3cStxMPj2VWMA2yhj8fJGz9v165q0zu4+4fJY3wmLV0JpwOWff1xx7HkfdVUknfksWPj53vZZD3kgZjEgR1Jdq4fHqvetdVKiNlA0ApAJAA14A0ND9OilS1Sp1y5JjHho9f4noic7CYLFvXFl6yNL2pIS2iCytIRsEeR9I2N/HRFsSKrQhwoRpBMre39OgjFF7dfBC/H8fPRFZerQ02irwJ2oI1lLHzI7ygOzO/ju0TpdjwoA6noau7B5ogvKV4rFxElXuXtQa/3ioP8A5daVfxHd36QtmdNvtN8wgHkHFsNmpMpir1dmpvj0lZI3Mbd8NmjImnALKCxPdrRIOtj56qV9G9p8lbe4iIMa/BBFL0e4G0j7xUhKxM3c1mRy2mXQbv7gR9taB0AN63ustM7r843sUsRelPBoo4nGFhYs/aQ/aw0WY7H0A78fO/gnomd3Hy+SX6Pp1wtWCDj2PICnRaBS3lwd7I863431luo7R5rBe+DziLHQkDw0RbFwfi1YKIcPRT+z4q1vhj3EaEIHz5+Or6o8o/1ilz/VHj6fSMbX0P8A7uMfPn4VFH3+wH8fPnonKP8AWK24MJiA5/8AZ9b90/8AwwfuP16Jyj/WKV0wWMjHalcAb3rY+T/d/DonKP8AWKU/2Ljv+oH/AJf8uutkbw95+axndx9w+SyflK//AFY6xybPVCZ3cfcPklX8hW/2P8v+XTk2eqFPh3E1Ln8p4dSUfyNX/qh/ienJs9UK+l6rWhiHciBSGbR/moB/8j1QpfiH/coq3QPaEkx/1o/m3+R6tKotmf8A93T/AOc3/AvREM5n/wB1l/3Yv/x69EWwv9VV/wD2Gh//AIVfqi/pu9p3mVfboOweS//Z'),(3,'t','t','$2a$08$D82.0M7YVhoS52ZXox5s7.4mFwHHL/izQC3nB/Yn/6e4eCn/OHjcq','test2','t','t','2021-09-07','t','test2',NULL),(4,'Thomas','Derave','$2a$08$Gzx1.ARe8ztzlT1UPFCD1O2hw4gRD.o6YZpMLS6ozt2NNW.x9Wh76','test@hotmail.be','male','teststraat','2017-06-23','0473557214','testhotmail.be',NULL),(5,'test2','test2','$2a$08$Esq0eFFLFnBoWvzh5N1f7.r9Li6/Njf9UlFQQ1xLq1chX//L8ykCi','test2@hotmail.be','male',NULL,NULL,'test@hotmail.be','test2@hotmail.be',NULL);
/*!40000 ALTER TABLE `user` ENABLE KEYS */;
UNLOCK TABLES;
/*!40103 SET TIME_ZONE=@OLD_TIME_ZONE */;

/*!40101 SET SQL_MODE=@OLD_SQL_MODE */;
/*!40014 SET FOREIGN_KEY_CHECKS=@OLD_FOREIGN_KEY_CHECKS */;
/*!40014 SET UNIQUE_CHECKS=@OLD_UNIQUE_CHECKS */;
/*!40101 SET CHARACTER_SET_CLIENT=@OLD_CHARACTER_SET_CLIENT */;
/*!40101 SET CHARACTER_SET_RESULTS=@OLD_CHARACTER_SET_RESULTS */;
/*!40101 SET COLLATION_CONNECTION=@OLD_COLLATION_CONNECTION */;
/*!40111 SET SQL_NOTES=@OLD_SQL_NOTES */;

-- Dump completed on 2022-01-04 15:31:52
